код_клиента;имя_клиента;возрастная_группа;доходы;образование;регион;тип_подписки;оценка_удовлетворенности;лет_с_нами;всего_покупок;средний_чек;дней_после_покупки
КЛ0001;Франк Волков;18-25;50-75 тыс;Неполное высшее;Юг;Базовая;3,9;9;6;492,87;16
КЛ0002;Александр Борисова;26-35;35-50 тыс;Кандидат наук;Центр;Базовая;3,2;9;27;215,33;301
КЛ0003;Григорий Абрамова;26-35;75-100 тыс;Бакалавр;Восток;Базовая;1,9;6;7;119,56;49
КЛ0004;Евгений Кузнецов;56-65;50-75 тыс;Среднее;Запад;VIP;1,5;7;6;464,03;321
КЛ0005;Станислав Лебедев;56-65;35-50 тыс;Среднее;Север;VIP;1,9;5;6;691,49;51
КЛ0006;Игорь Калинин;46-55;50-75 тыс;Неполное высшее;Восток;Премиум;1,8;5;45;752,49;331
КЛ0007;Андрей Рыбаков;65+;35-50 тыс;Кандидат наук;Юг;Базовая;2,8;5;41;566,12;112
КЛ0008;Дмитрий Белова;26-35;25-35 тыс;Бакалавр;Запад;Премиум;1,3;10;46;286,01;335
КЛ0009;Михаил Макаров;65+;75-100 тыс;Неполное высшее;Восток;Базовая;2,0;9;35;247,06;299
КЛ0010;Константин Романова;46-55;50-75 тыс;Неполное высшее;Юг;VIP;3,0;1;8;164,63;81
КЛ0011;Константин Рыбаков;18-25;75-100 тыс;Магистр;Центр;Премиум;3,1;9;1;560,21;58
КЛ0012;Роман Федорова;36-45;50-75 тыс;Среднее;Восток;Премиум;1,6;1;47;706,89;134
КЛ0013;Павел Федорова;26-35;100+ тыс;Среднее;Восток;VIP;3,0;4;10;330,44;82
КЛ0014;Роман Павлова;18-25;100+ тыс;Бакалавр;Запад;Базовая;1,4;6;20;229,59;123
КЛ0015;Сергей Борисова;18-25;75-100 тыс;Среднее;Центр;Базовая;1,5;8;36;173,85;270
КЛ0016;Станислав Михайлов;26-35;100+ тыс;Неполное высшее;Восток;Премиум;5,0;6;29;724,71;231
КЛ0017;Антон Захаров;26-35;25-35 тыс;Бакалавр;Север;VIP;3,2;10;15;55,39;362
КЛ0018;Франк Белова;26-35;25-35 тыс;Среднее;Восток;Базовая;3,1;5;43;414,06;276
КЛ0019;Артем Титова;56-65;100+ тыс;Магистр;Юг;Премиум;4,2;4;7;122,7;220
КЛ0020;Евгений Михайлов;46-55;75-100 тыс;Среднее;Север;Базовая;2,6;6;7;236,49;97
КЛ0021;Роман Морозов;26-35;75-100 тыс;Неполное высшее;Восток;Премиум;2,0;2;29;656,02;281
КЛ0022;Антон Белова;65+;100+ тыс;Среднее;Север;Базовая;1,7;8;31;210,31;205
КЛ0023;Алексей Гусев;46-55;25-35 тыс;Магистр;Восток;Премиум;2,1;9;43;588,81;79
КЛ0024;Владислав Карпова;26-35;25-35 тыс;Кандидат наук;Центр;Базовая;4,0;1;4;488,13;257
КЛ0025;Павел Гусев;18-25;100+ тыс;Среднее;Юг;Базовая;3,4;4;26;139,91;291
КЛ0026;Георгий Романова;56-65;25-35 тыс;Кандидат наук;Север;Премиум;3,6;10;34;287,28;133
КЛ0027;Владислав Смирнова;65+;50-75 тыс;Неполное высшее;Восток;Премиум;1,5;5;30;287,13;37
КЛ0028;Александр Николаева;56-65;100+ тыс;Среднее;Север;VIP;1,9;5;9;749,94;35
КЛ0029;Георгий Лебедев;36-45;35-50 тыс;Магистр;Центр;VIP;2,2;9;1;550,9;283
КЛ0030;Денис Смирнова;18-25;35-50 тыс;Бакалавр;Север;Базовая;4,0;3;18;261,32;107
КЛ0031;Дмитрий Жукова;65+;50-75 тыс;Кандидат наук;Запад;Премиум;4,6;1;6;525,71;141
КЛ0032;Алексей Абрамова;36-45;35-50 тыс;Бакалавр;Юг;VIP;2,8;7;36;57,25;38
КЛ0033;Артем Петров;18-25;50-75 тыс;Кандидат наук;Центр;Базовая;2,7;1;20;323,49;20
КЛ0034;Евгений Жукова;65+;35-50 тыс;Среднее;Восток;VIP;4,5;7;40;612,11;121
КЛ0035;Владимир Демидова;46-55;25-35 тыс;Неполное высшее;Восток;Премиум;4,2;4;18;169,4;359
КЛ0036;Антон Левин;18-25;75-100 тыс;Неполное высшее;Юг;Премиум;2,4;4;15;67,75;98
КЛ0037;Игорь Крылова;36-45;25-35 тыс;Бакалавр;Восток;VIP;3,0;9;22;754,43;59
КЛ0038;Григорий Демидова;56-65;50-75 тыс;Среднее;Север;VIP;2,7;6;28;504,66;261
КЛ0039;Антон Левин;56-65;35-50 тыс;Бакалавр;Север;VIP;2,7;9;35;565,14;343
КЛ0040;Владислав Лебедев;46-55;25-35 тыс;Бакалавр;Центр;Премиум;3,7;2;47;725,04;259
КЛ0041;Денис Смирнова;46-55;50-75 тыс;Магистр;Восток;VIP;1,5;7;43;755,27;346
КЛ0042;Владимир Селиванов;56-65;50-75 тыс;Магистр;Центр;Базовая;2,2;4;28;639,32;310
КЛ0043;Франк Королева;46-55;75-100 тыс;Магистр;Юг;VIP;2,9;3;43;113,6;263
КЛ0044;Франк Селиванов;36-45;25-35 тыс;Неполное высшее;Восток;Базовая;4,2;3;2;84,66;243
КЛ0045;Станислав Богданов;46-55;75-100 тыс;Кандидат наук;Юг;VIP;3,8;8;26;232,99;335
КЛ0046;Александр Федорова;18-25;75-100 тыс;Неполное высшее;Юг;VIP;3,1;1;36;236,9;62
КЛ0047;Максим Григорьев;46-55;100+ тыс;Кандидат наук;Центр;Премиум;4,8;8;40;661,25;258
КЛ0048;Константин Петрова;46-55;35-50 тыс;Магистр;Запад;Премиум;4,0;5;50;633,26;248
КЛ0049;Франк Захаров;36-45;75-100 тыс;Среднее;Восток;Базовая;2,1;6;35;110,43;77
КЛ0050;Георгий Левин;65+;35-50 тыс;Неполное высшее;Север;Премиум;2,6;9;30;361,83;105
КЛ0051;Константин Левин;56-65;25-35 тыс;Кандидат наук;Запад;Премиум;1,0;6;20;615,11;214
КЛ0052;Роман Тихонов;65+;100+ тыс;Кандидат наук;Юг;Премиум;1,9;7;32;71,77;172
КЛ0053;Игорь Титова;26-35;75-100 тыс;Неполное высшее;Центр;VIP;1,1;7;38;473,29;13
КЛ0054;Андрей Сидоров;46-55;35-50 тыс;Магистр;Юг;Базовая;2,0;6;14;391,02;172
КЛ0055;Игорь Калинин;46-55;50-75 тыс;Среднее;Запад;Базовая;4,0;1;23;218,17;35
КЛ0056;Франк Антонова;18-25;35-50 тыс;Неполное высшее;Север;VIP;1,6;3;31;552,09;288
КЛ0057;Владислав Николаева;65+;50-75 тыс;Бакалавр;Юг;VIP;3,4;2;50;664,48;159
КЛ0058;Антон Романова;18-25;50-75 тыс;Кандидат наук;Запад;Премиум;4,8;4;5;494,07;321
КЛ0059;Георгий Васильев;65+;50-75 тыс;Кандидат наук;Север;VIP;4,1;6;35;371,28;189
КЛ0060;Андрей Панов;65+;50-75 тыс;Среднее;Запад;Премиум;1,4;6;41;718,68;235
КЛ0061;Артем Михайлов;26-35;100+ тыс;Бакалавр;Центр;VIP;4,1;8;28;669,3;303
КЛ0062;Григорий Королева;26-35;25-35 тыс;Бакалавр;Запад;Базовая;4,0;10;40;551,14;172
КЛ0063;Александр Орлова;36-45;35-50 тыс;Магистр;Юг;Премиум;4,2;6;18;710,24;359
КЛ0064;Григорий Петрова;18-25;100+ тыс;Неполное высшее;Север;Базовая;3,9;8;36;618,62;353
КЛ0065;Михаил Сидоров;65+;75-100 тыс;Магистр;Север;Базовая;2,2;7;45;232,48;339
КЛ0066;Сергей Лебедев;46-55;100+ тыс;Кандидат наук;Восток;Премиум;5,0;9;22;313,86;232
КЛ0067;Григорий Козлова;36-45;35-50 тыс;Среднее;Юг;Премиум;1,5;9;49;567,62;98
КЛ0068;Владислав Тихонов;46-55;50-75 тыс;Кандидат наук;Центр;VIP;2,1;2;13;272,18;184
КЛ0069;Владимир Козлова;18-25;100+ тыс;Неполное высшее;Восток;Базовая;4,9;9;19;573,06;64
КЛ0070;Франк Федорова;46-55;25-35 тыс;Среднее;Центр;Премиум;2,9;8;22;188,27;26
КЛ0071;Григорий Новикова;18-25;25-35 тыс;Магистр;Запад;Базовая;3,3;1;10;161,9;288
КЛ0072;Денис Борисова;26-35;25-35 тыс;Кандидат наук;Запад;VIP;3,4;10;15;631,77;194
КЛ0073;Максим Морозов;36-45;100+ тыс;Магистр;Восток;VIP;3,5;10;48;124,43;106
КЛ0074;Франк Жукова;36-45;25-35 тыс;Неполное высшее;Юг;Базовая;3,2;3;1;356,39;352
КЛ0075;Станислав Новикова;36-45;25-35 тыс;Неполное высшее;Восток;VIP;2,1;8;5;565,54;135
КЛ0076;Франк Романова;65+;35-50 тыс;Магистр;Север;VIP;1,9;3;18;669,97;36
КЛ0077;Алексей Гусев;36-45;100+ тыс;Кандидат наук;Восток;Премиум;1,5;5;45;351,88;139
КЛ0078;Павел Петров;46-55;75-100 тыс;Среднее;Центр;Базовая;4,6;6;39;237,78;46
КЛ0079;Георгий Соколова;56-65;100+ тыс;Среднее;Восток;VIP;1,2;3;31;439,22;226
КЛ0080;Григорий Демидова;56-65;75-100 тыс;Магистр;Север;Премиум;2,4;6;21;552,6;82
КЛ0081;Дмитрий Медведев;65+;75-100 тыс;Бакалавр;Запад;VIP;1,1;2;21;239,3;59
КЛ0082;Игорь Панов;18-25;100+ тыс;Магистр;Запад;Базовая;1,8;6;40;617,33;320
КЛ0083;Максим Федорова;18-25;35-50 тыс;Бакалавр;Центр;Базовая;4,7;8;45;413,53;14
КЛ0084;Франк Рыбаков;26-35;35-50 тыс;Бакалавр;Центр;Базовая;3,2;2;15;794,19;58
КЛ0085;Максим Волков;65+;35-50 тыс;Магистр;Восток;VIP;3,8;7;31;785,18;124
КЛ0086;Максим Петрова;26-35;75-100 тыс;Неполное высшее;Центр;VIP;4,0;3;5;257,19;212
КЛ0087;Дмитрий Панов;36-45;25-35 тыс;Бакалавр;Восток;VIP;3,3;8;10;384,91;247
КЛ0088;Евгений Крылова;56-65;100+ тыс;Магистр;Запад;Премиум;4,5;4;37;337,23;210
КЛ0089;Алексей Королева;65+;75-100 тыс;Магистр;Запад;VIP;4,2;3;32;773,62;64
КЛ0090;Павел Романова;36-45;25-35 тыс;Магистр;Север;VIP;4,6;1;47;158,12;335
КЛ0091;Артем Богданов;46-55;50-75 тыс;Бакалавр;Центр;VIP;2,6;2;22;689,26;273
КЛ0092;Игорь Королева;65+;75-100 тыс;Кандидат наук;Север;VIP;1,3;5;15;610,07;222
КЛ0093;Антон Федорова;65+;25-35 тыс;Магистр;Юг;VIP;2,2;1;3;293,28;28
КЛ0094;Денис Кузнецов;36-45;75-100 тыс;Неполное высшее;Юг;VIP;2,6;3;11;181,3;312
КЛ0095;Игорь Селиванов;65+;35-50 тыс;Магистр;Центр;Базовая;1,9;5;30;241,5;4
КЛ0096;Максим Карпова;65+;100+ тыс;Неполное высшее;Север;Премиум;4,8;10;20;529,2;217
КЛ0097;Григорий Николаева;36-45;35-50 тыс;Магистр;Запад;Базовая;1,9;10;23;481,11;358
КЛ0098;Денис Александрова;65+;75-100 тыс;Бакалавр;Север;VIP;4,5;1;39;608,88;146
КЛ0099;Георгий Рыбаков;36-45;35-50 тыс;Неполное высшее;Центр;Премиум;3,7;3;41;122,87;321
КЛ0100;Франк Антонова;36-45;75-100 тыс;Среднее;Центр;Премиум;3,9;2;19;295,04;212
КЛ0101;Владимир Егоров;26-35;100+ тыс;Бакалавр;Центр;VIP;4,7;3;17;735,54;246
КЛ0102;Денис Тихонов;36-45;25-35 тыс;Магистр;Север;Базовая;4,0;4;44;593,16;203
КЛ0103;Роман Лебедев;18-25;75-100 тыс;Среднее;Восток;VIP;1,5;6;44;611,76;134
КЛ0104;Сергей Левин;65+;50-75 тыс;Среднее;Юг;Премиум;1,1;9;21;736,44;113
КЛ0105;Франк Богданов;65+;75-100 тыс;Бакалавр;Запад;Базовая;1,6;1;20;796,95;59
КЛ0106;Антон Захаров;56-65;35-50 тыс;Магистр;Запад;Премиум;3,7;9;27;490,51;79
КЛ0107;Константин Сидоров;18-25;75-100 тыс;Кандидат наук;Запад;Премиум;1,1;6;14;382,54;120
КЛ0108;Евгений Васильев;65+;50-75 тыс;Кандидат наук;Восток;Базовая;2,6;4;8;761,76;232
КЛ0109;Андрей Смирнова;26-35;100+ тыс;Среднее;Север;Премиум;2,0;3;37;203,9;283
КЛ0110;Владислав Романова;26-35;35-50 тыс;Бакалавр;Юг;VIP;1,0;3;9;455,16;89
КЛ0111;Антон Смирнова;18-25;35-50 тыс;Среднее;Восток;Базовая;3,4;1;12;249,03;64
КЛ0112;Константин Павлова;18-25;25-35 тыс;Магистр;Запад;Премиум;3,1;2;29;427,88;314
КЛ0113;Алексей Титова;65+;100+ тыс;Бакалавр;Запад;VIP;4,9;1;31;685,47;218
КЛ0114;Антон Орлова;65+;75-100 тыс;Среднее;Север;Премиум;3,4;2;9;256,26;324
КЛ0115;Сергей Петрова;65+;50-75 тыс;Магистр;Центр;VIP;2,2;9;39;372,65;359
КЛ0116;Антон Сидоров;65+;100+ тыс;Неполное высшее;Запад;Премиум;4,6;7;22;670,56;204
КЛ0117;Константин Титова;18-25;50-75 тыс;Магистр;Восток;VIP;2,0;3;44;742,24;34
КЛ0118;Андрей Борисова;18-25;75-100 тыс;Среднее;Восток;Базовая;3,2;10;36;471,26;343
КЛ0119;Антон Медведев;36-45;75-100 тыс;Среднее;Восток;VIP;2,2;2;37;430,56;79
КЛ0120;Михаил Зайцева;18-25;50-75 тыс;Кандидат наук;Восток;Базовая;4,1;10;15;655,42;287
КЛ0121;Станислав Селиванов;65+;100+ тыс;Среднее;Центр;VIP;4,3;5;2;185,31;359
КЛ0122;Денис Крылова;36-45;25-35 тыс;Неполное высшее;Юг;VIP;3,6;2;10;605,73;15
КЛ0123;Андрей Тихонов;56-65;35-50 тыс;Магистр;Запад;Премиум;2,4;6;20;591,2;290
КЛ0124;Станислав Борисова;18-25;35-50 тыс;Неполное высшее;Центр;Базовая;3,7;5;29;546,45;248
КЛ0125;Станислав Морозов;46-55;50-75 тыс;Неполное высшее;Центр;Базовая;2,4;2;19;558,66;303
КЛ0126;Михаил Павлова;65+;50-75 тыс;Среднее;Юг;Премиум;4,9;1;1;203,32;108
КЛ0127;Артем Федорова;36-45;50-75 тыс;Бакалавр;Север;Базовая;3,0;7;12;146,89;272
КЛ0128;Георгий Панов;56-65;50-75 тыс;Среднее;Запад;VIP;1,2;1;30;740,87;160
КЛ0129;Сергей Михайлов;56-65;75-100 тыс;Магистр;Восток;Базовая;2,6;6;11;650,99;316
КЛ0130;Максим Соловьев;36-45;25-35 тыс;Магистр;Север;Базовая;2,7;7;34;108,99;158
КЛ0131;Дмитрий Зайцева;36-45;35-50 тыс;Среднее;Центр;VIP;1,5;9;13;729,44;178
КЛ0132;Евгений Титова;65+;35-50 тыс;Неполное высшее;Север;Базовая;2,0;3;39;164,65;335
КЛ0133;Андрей Демидова;65+;75-100 тыс;Магистр;Центр;VIP;2,8;10;42;526,47;319
КЛ0134;Дмитрий Семенов;36-45;35-50 тыс;Магистр;Север;Премиум;2,8;5;18;493,56;180
КЛ0135;Павел Богданов;36-45;75-100 тыс;Магистр;Север;Базовая;2,5;5;5;533,5;46
КЛ0136;Станислав Рыбаков;56-65;75-100 тыс;Магистр;Центр;VIP;4,8;1;29;731,79;292
КЛ0137;Франк Егоров;36-45;100+ тыс;Магистр;Центр;Базовая;4,8;8;7;658,23;175
КЛ0138;Андрей Панов;65+;35-50 тыс;Среднее;Юг;VIP;2,8;8;34;442,06;81
КЛ0139;Евгений Лебедев;36-45;75-100 тыс;Магистр;Восток;VIP;3,4;6;5;297,27;285
КЛ0140;Игорь Карпова;36-45;100+ тыс;Неполное высшее;Восток;Базовая;3,3;3;23;282,67;335
КЛ0141;Игорь Григорьев;56-65;25-35 тыс;Бакалавр;Центр;Премиум;3,6;6;9;552,59;350
КЛ0142;Павел Борисова;65+;75-100 тыс;Кандидат наук;Восток;Базовая;2,5;3;14;306,3;248
КЛ0143;Владислав Зайцева;26-35;35-50 тыс;Среднее;Восток;Базовая;3,0;9;48;712,76;19
КЛ0144;Дмитрий Селиванов;26-35;100+ тыс;Магистр;Юг;Базовая;1,7;10;11;590,89;22
КЛ0145;Константин Лебедев;65+;35-50 тыс;Магистр;Центр;Премиум;4,0;8;15;450,51;158
КЛ0146;Михаил Егоров;36-45;100+ тыс;Магистр;Запад;Премиум;4,1;9;34;364,0;82
КЛ0147;Владислав Рыбаков;26-35;50-75 тыс;Среднее;Запад;Премиум;3,2;2;46;684,42;63
КЛ0148;Денис Борисова;26-35;50-75 тыс;Магистр;Центр;Базовая;4,3;2;15;662,53;178
КЛ0149;Александр Медведев;18-25;75-100 тыс;Кандидат наук;Восток;Базовая;2,5;2;24;218,4;163
КЛ0150;Антон Степанова;65+;50-75 тыс;Неполное высшее;Юг;Базовая;2,1;8;45;673,33;361
КЛ0151;Михаил Морозов;56-65;25-35 тыс;Среднее;Север;Премиум;1,9;3;36;755,17;311
КЛ0152;Павел Михайлов;18-25;50-75 тыс;Неполное высшее;Восток;Базовая;1,2;7;41;645,42;234
КЛ0153;Андрей Волков;46-55;100+ тыс;Кандидат наук;Север;VIP;3,1;4;46;157,68;219
КЛ0154;Александр Селиванов;36-45;35-50 тыс;Кандидат наук;Запад;Базовая;3,7;2;34;780,99;34
КЛ0155;Павел Петров;56-65;100+ тыс;Кандидат наук;Север;Премиум;4,5;1;41;340,16;191
КЛ0156;Григорий Тихонов;18-25;50-75 тыс;Среднее;Восток;Базовая;3,9;2;50;486,43;170
КЛ0157;Артем Антонова;36-45;100+ тыс;Бакалавр;Юг;VIP;2,9;8;41;186,71;69
КЛ0158;Андрей Степанова;46-55;25-35 тыс;Бакалавр;Юг;Базовая;4,2;1;21;750,03;263
КЛ0159;Игорь Петров;46-55;50-75 тыс;Среднее;Юг;Премиум;2,4;1;42;298,94;63
КЛ0160;Евгений Михайлов;46-55;75-100 тыс;Магистр;Восток;Базовая;3,0;8;24;743,23;265
КЛ0161;Григорий Борисова;65+;75-100 тыс;Среднее;Запад;VIP;5,0;3;35;270,32;52
КЛ0162;Андрей Королева;65+;50-75 тыс;Бакалавр;Запад;VIP;3,9;3;45;382,93;228
КЛ0163;Алексей Титова;36-45;100+ тыс;Магистр;Восток;VIP;4,9;1;5;553,39;207
КЛ0164;Евгений Панов;65+;35-50 тыс;Среднее;Юг;VIP;3,7;8;3;144,67;120
КЛ0165;Франк Лебедев;36-45;75-100 тыс;Кандидат наук;Север;VIP;1,6;8;24;329,01;39
КЛ0166;Сергей Григорьев;56-65;50-75 тыс;Магистр;Восток;VIP;2,1;2;2;601,76;255
КЛ0167;Павел Левин;56-65;25-35 тыс;Бакалавр;Восток;VIP;2,8;10;19;570,49;251
КЛ0168;Владислав Волков;26-35;25-35 тыс;Магистр;Юг;VIP;2,8;2;44;775,67;163
КЛ0169;Евгений Степанова;18-25;100+ тыс;Кандидат наук;Восток;Премиум;4,4;3;24;431,57;62
КЛ0170;Владислав Григорьев;26-35;75-100 тыс;Среднее;Восток;VIP;3,3;8;36;147,33;44
КЛ0171;Андрей Козлова;46-55;75-100 тыс;Кандидат наук;Запад;Премиум;4,3;2;9;779,28;328
КЛ0172;Андрей Морозов;46-55;100+ тыс;Бакалавр;Юг;VIP;3,6;3;50;774,7;221
КЛ0173;Павел Белова;18-25;100+ тыс;Неполное высшее;Восток;Базовая;1,6;4;23;760,61;265
КЛ0174;Денис Борисова;36-45;35-50 тыс;Кандидат наук;Восток;Базовая;3,5;10;35;120,07;328
КЛ0175;Владимир Романова;56-65;35-50 тыс;Неполное высшее;Центр;VIP;4,6;6;37;80,9;14
КЛ0176;Андрей Антонова;65+;100+ тыс;Бакалавр;Юг;VIP;2,7;1;32;716,75;279
КЛ0177;Денис Сидоров;36-45;75-100 тыс;Неполное высшее;Запад;Премиум;2,8;1;11;379,7;247
КЛ0178;Максим Жукова;36-45;100+ тыс;Неполное высшее;Восток;VIP;2,3;6;26;148,07;189
КЛ0179;Павел Петрова;18-25;50-75 тыс;Неполное высшее;Запад;Базовая;2,1;4;10;122,61;148
КЛ0180;Игорь Селиванов;46-55;35-50 тыс;Неполное высшее;Восток;VIP;3,9;4;49;169,51;263
КЛ0181;Максим Орлова;36-45;75-100 тыс;Среднее;Север;Премиум;3,0;4;14;487,51;24
КЛ0182;Алексей Карпова;46-55;100+ тыс;Магистр;Восток;VIP;1,0;2;28;150,45;135
КЛ0183;Евгений Федорова;46-55;50-75 тыс;Среднее;Запад;Базовая;3,3;4;24;464,92;37
КЛ0184;Игорь Панов;46-55;100+ тыс;Бакалавр;Центр;VIP;3,4;3;7;345,43;173
КЛ0185;Роман Лебедев;26-35;35-50 тыс;Кандидат наук;Центр;Премиум;3,0;1;3;152,78;170
КЛ0186;Михаил Павлова;46-55;35-50 тыс;Кандидат наук;Центр;Базовая;2,3;10;21;171,88;315
КЛ0187;Денис Романова;36-45;100+ тыс;Кандидат наук;Центр;Премиум;3,8;5;31;661,81;188
КЛ0188;Дмитрий Соколова;18-25;75-100 тыс;Кандидат наук;Восток;VIP;4,5;1;39;405,94;335
КЛ0189;Сергей Попов;26-35;25-35 тыс;Кандидат наук;Запад;Базовая;3,1;10;50;680,88;75
КЛ0190;Георгий Антонова;56-65;25-35 тыс;Неполное высшее;Север;Премиум;2,3;3;27;567,88;210
КЛ0191;Павел Селиванов;46-55;25-35 тыс;Неполное высшее;Центр;Базовая;3,2;8;34;332,62;88
КЛ0192;Максим Петров;36-45;100+ тыс;Бакалавр;Восток;VIP;2,9;4;18;468,56;115
КЛ0193;Денис Карпова;65+;35-50 тыс;Магистр;Восток;Премиум;2,4;5;19;141,41;346
КЛ0194;Роман Левин;46-55;50-75 тыс;Неполное высшее;Восток;Базовая;2,2;2;23;743,01;335
КЛ0195;Григорий Тихонов;46-55;35-50 тыс;Неполное высшее;Центр;Премиум;4,7;5;9;131,92;300
КЛ0196;Георгий Захаров;18-25;100+ тыс;Неполное высшее;Юг;Базовая;1,4;6;46;404,3;348
КЛ0197;Артем Абрамова;56-65;35-50 тыс;Магистр;Запад;Премиум;3,6;5;21;264,06;30
КЛ0198;Андрей Сидоров;56-65;35-50 тыс;Кандидат наук;Север;Базовая;2,7;3;3;797,88;203
КЛ0199;Михаил Демидова;65+;50-75 тыс;Среднее;Север;Премиум;3,3;2;22;263,42;328
КЛ0200;Роман Павлова;46-55;35-50 тыс;Кандидат наук;Запад;Премиум;1,8;2;22;171,87;234
КЛ0201;Франк Исаев;65+;35-50 тыс;Среднее;Восток;Премиум;3,3;4;12;508,22;327
КЛ0202;Игорь Михайлов;56-65;50-75 тыс;Среднее;Запад;VIP;1,4;3;31;292,7;127
КЛ0203;Александр Исаев;46-55;35-50 тыс;Магистр;Восток;Премиум;2,2;10;1;246,16;184
КЛ0204;Георгий Белова;65+;25-35 тыс;Магистр;Восток;Базовая;2,6;9;46;627,38;353
КЛ0205;Антон Семенов;36-45;50-75 тыс;Кандидат наук;Юг;Базовая;4,8;8;10;391,23;310
КЛ0206;Евгений Медведев;65+;100+ тыс;Магистр;Центр;VIP;4,3;4;44;616,05;41
КЛ0207;Павел Морозов;56-65;50-75 тыс;Среднее;Центр;Базовая;1,2;9;33;201,62;274
КЛ0208;Артем Гусев;36-45;100+ тыс;Магистр;Север;VIP;1,8;10;32;118,21;261
КЛ0209;Максим Белова;46-55;35-50 тыс;Кандидат наук;Запад;Премиум;3,3;9;30;554,58;157
КЛ0210;Александр Макаров;36-45;25-35 тыс;Неполное высшее;Центр;Базовая;1,2;6;45;97,82;30
КЛ0211;Андрей Новикова;18-25;50-75 тыс;Магистр;Юг;Базовая;4,1;7;24;794,64;195
КЛ0212;Максим Левин;46-55;25-35 тыс;Кандидат наук;Юг;VIP;4,4;2;12;794,64;201
КЛ0213;Павел Григорьев;65+;35-50 тыс;Среднее;Север;Премиум;2,9;9;28;448,95;117
КЛ0214;Георгий Николаева;36-45;35-50 тыс;Бакалавр;Юг;VIP;4,1;1;43;364,43;8
КЛ0215;Георгий Жукова;18-25;25-35 тыс;Кандидат наук;Север;Премиум;3,4;1;16;605,41;205
КЛ0216;Максим Зайцева;56-65;35-50 тыс;Среднее;Юг;VIP;5,0;4;47;482,08;295
КЛ0217;Станислав Соколова;36-45;35-50 тыс;Бакалавр;Юг;VIP;3,1;7;20;256,37;285
КЛ0218;Сергей Тихонов;26-35;75-100 тыс;Кандидат наук;Запад;Базовая;4,9;7;34;289,05;213
КЛ0219;Константин Гришина;36-45;75-100 тыс;Неполное высшее;Центр;Премиум;2,0;4;20;693,16;73
КЛ0220;Максим Белова;56-65;75-100 тыс;Магистр;Центр;VIP;1,5;4;17;202,5;331
КЛ0221;Андрей Морозов;36-45;25-35 тыс;Кандидат наук;Юг;Базовая;2,1;10;39;79,66;37
КЛ0222;Владислав Федорова;56-65;100+ тыс;Неполное высшее;Запад;Базовая;4,5;6;20;767,76;7
КЛ0223;Владислав Егоров;65+;25-35 тыс;Магистр;Юг;VIP;3,4;4;26;736,34;282
КЛ0224;Дмитрий Карпова;46-55;75-100 тыс;Кандидат наук;Восток;Премиум;2,0;9;32;399,5;240
КЛ0225;Дмитрий Жукова;36-45;50-75 тыс;Магистр;Север;VIP;4,5;3;2;245,58;299
КЛ0226;Сергей Титова;46-55;50-75 тыс;Неполное высшее;Юг;Премиум;1,9;10;16;424,48;335
КЛ0227;Дмитрий Исаев;46-55;75-100 тыс;Магистр;Юг;VIP;4,2;3;9;590,24;250
КЛ0228;Владимир Петров;65+;25-35 тыс;Кандидат наук;Север;Базовая;4,8;1;49;54,79;70
КЛ0229;Франк Зайцева;18-25;35-50 тыс;Среднее;Юг;VIP;2,8;1;40;528,3;315
КЛ0230;Михаил Смирнова;46-55;25-35 тыс;Среднее;Центр;VIP;2,6;1;34;591,64;274
КЛ0231;Денис Александрова;56-65;75-100 тыс;Неполное высшее;Север;Базовая;3,1;4;13;514,84;129
КЛ0232;Евгений Калинин;46-55;25-35 тыс;Бакалавр;Запад;Премиум;3,3;4;20;563,03;41
КЛ0233;Франк Сидоров;18-25;25-35 тыс;Магистр;Запад;Премиум;3,2;1;41;57,09;87
КЛ0234;Андрей Орлова;46-55;50-75 тыс;Кандидат наук;Север;VIP;4,7;4;14;725,95;354
КЛ0235;Сергей Новикова;36-45;25-35 тыс;Среднее;Восток;VIP;3,3;1;12;746,57;161
КЛ0236;Александр Жукова;56-65;35-50 тыс;Магистр;Север;Премиум;1,6;4;37;675,99;199
КЛ0237;Роман Крылова;46-55;35-50 тыс;Среднее;Центр;VIP;4,9;1;7;377,82;38
КЛ0238;Дмитрий Рыбаков;56-65;100+ тыс;Магистр;Восток;Базовая;3,5;8;32;221,1;283
КЛ0239;Игорь Михайлов;26-35;100+ тыс;Магистр;Север;VIP;2,2;4;46;105,13;137
КЛ0240;Артем Левин;65+;35-50 тыс;Магистр;Восток;Премиум;1,4;1;20;383,55;138
КЛ0241;Антон Григорьев;18-25;35-50 тыс;Магистр;Запад;VIP;3,2;7;7;69,7;181
КЛ0242;Роман Борисова;56-65;100+ тыс;Бакалавр;Запад;Базовая;2,2;7;50;113,52;286
КЛ0243;Георгий Попов;56-65;35-50 тыс;Магистр;Юг;Базовая;2,1;5;32;159,45;85
КЛ0244;Константин Калинин;46-55;50-75 тыс;Магистр;Север;Премиум;2,0;4;47;518,78;304
КЛ0245;Станислав Егоров;46-55;25-35 тыс;Неполное высшее;Восток;Базовая;4,8;6;40;334,92;168
КЛ0246;Максим Крылова;46-55;100+ тыс;Неполное высшее;Восток;Премиум;3,4;4;31;285,64;203
КЛ0247;Дмитрий Карпова;65+;75-100 тыс;Кандидат наук;Юг;Премиум;2,5;7;24;135,42;288
КЛ0248;Владислав Романова;56-65;35-50 тыс;Кандидат наук;Север;VIP;2,8;4;29;648,26;354
КЛ0249;Андрей Медведев;65+;75-100 тыс;Неполное высшее;Восток;Базовая;2,0;3;46;367,35;193
КЛ0250;Андрей Морозов;56-65;75-100 тыс;Кандидат наук;Запад;VIP;3,0;7;35;77,57;184
КЛ0251;Роман Рыбаков;65+;25-35 тыс;Среднее;Юг;VIP;3,7;3;42;509,51;288
КЛ0252;Франк Соколова;65+;75-100 тыс;Бакалавр;Запад;Базовая;1,0;5;15;433,01;265
КЛ0253;Роман Романова;65+;100+ тыс;Неполное высшее;Запад;Премиум;2,6;10;45;425,35;176
КЛ0254;Александр Новикова;18-25;50-75 тыс;Магистр;Север;Базовая;4,3;3;23;283,92;233
КЛ0255;Владислав Павлова;46-55;50-75 тыс;Магистр;Север;Премиум;3,9;8;21;100,38;22
КЛ0256;Антон Александрова;36-45;25-35 тыс;Неполное высшее;Юг;VIP;1,7;3;22;469,89;236
КЛ0257;Георгий Макаров;65+;35-50 тыс;Неполное высшее;Запад;Премиум;1,1;10;13;387,18;219
КЛ0258;Игорь Абрамова;65+;35-50 тыс;Неполное высшее;Восток;VIP;4,2;2;37;126,31;274
КЛ0259;Владимир Лебедев;36-45;35-50 тыс;Магистр;Север;Премиум;3,7;8;34;774,44;160
КЛ0260;Станислав Левин;56-65;75-100 тыс;Кандидат наук;Север;Премиум;2,4;8;40;179,4;344
КЛ0261;Денис Селиванов;56-65;25-35 тыс;Неполное высшее;Восток;Базовая;2,0;2;12;329,98;72
КЛ0262;Павел Левин;46-55;100+ тыс;Неполное высшее;Центр;Премиум;2,7;8;41;453,03;330
КЛ0263;Владимир Петрова;26-35;75-100 тыс;Бакалавр;Юг;Базовая;2,3;8;40;90,21;183
КЛ0264;Александр Орлова;26-35;35-50 тыс;Магистр;Центр;VIP;3,6;7;44;418,79;363
КЛ0265;Максим Орлова;26-35;25-35 тыс;Кандидат наук;Север;Базовая;2,2;5;15;453,21;86
КЛ0266;Максим Попов;65+;75-100 тыс;Кандидат наук;Центр;Базовая;3,3;5;50;457,33;187
КЛ0267;Роман Федорова;18-25;75-100 тыс;Кандидат наук;Юг;Премиум;1,4;4;20;706,11;16
КЛ0268;Максим Исаев;36-45;25-35 тыс;Магистр;Север;Базовая;1,8;10;45;312,97;363
КЛ0269;Станислав Семенов;46-55;35-50 тыс;Кандидат наук;Юг;Базовая;4,3;1;37;313,11;143
КЛ0270;Станислав Петров;26-35;50-75 тыс;Бакалавр;Восток;VIP;2,1;9;44;661,39;69
КЛ0271;Константин Белова;36-45;35-50 тыс;Неполное высшее;Юг;Базовая;3,8;4;49;682,67;201
КЛ0272;Михаил Гришина;56-65;50-75 тыс;Магистр;Запад;Премиум;1,3;2;26;436,71;142
КЛ0273;Евгений Николаева;46-55;50-75 тыс;Кандидат наук;Север;VIP;1,4;8;41;548,11;183
КЛ0274;Андрей Петров;46-55;35-50 тыс;Магистр;Юг;Премиум;2,1;5;22;460,48;66
КЛ0275;Сергей Орлова;36-45;25-35 тыс;Среднее;Север;VIP;4,1;8;2;143,18;80
КЛ0276;Максим Николаева;18-25;75-100 тыс;Неполное высшее;Юг;VIP;2,2;5;6;540,94;128
КЛ0277;Андрей Лебедев;65+;35-50 тыс;Среднее;Запад;VIP;2,2;4;28;541,61;360
КЛ0278;Антон Абрамова;26-35;75-100 тыс;Среднее;Юг;VIP;1,9;8;1;56,05;175
КЛ0279;Антон Михайлов;65+;35-50 тыс;Магистр;Север;Базовая;2,5;2;7;285,01;153
КЛ0280;Артем Левин;26-35;35-50 тыс;Среднее;Центр;VIP;1,0;3;29;313,39;109
КЛ0281;Франк Тихонов;26-35;75-100 тыс;Кандидат наук;Запад;Базовая;1,3;2;9;614,33;301
КЛ0282;Игорь Кузнецов;46-55;50-75 тыс;Неполное высшее;Юг;Премиум;3,6;4;36;500,75;311
КЛ0283;Денис Соловьев;18-25;50-75 тыс;Неполное высшее;Центр;VIP;3,0;7;19;534,63;122
КЛ0284;Михаил Левин;18-25;35-50 тыс;Магистр;Центр;Базовая;3,1;1;24;750,44;67
КЛ0285;Игорь Попов;46-55;50-75 тыс;Кандидат наук;Юг;Премиум;4,8;2;2;490,52;7
КЛ0286;Григорий Жукова;18-25;25-35 тыс;Магистр;Центр;Премиум;3,5;9;50;361,57;359
КЛ0287;Игорь Борисова;65+;100+ тыс;Кандидат наук;Центр;Базовая;2,1;5;6;433,48;104
КЛ0288;Артем Петров;36-45;75-100 тыс;Кандидат наук;Север;Премиум;3,8;4;4;233,36;222
КЛ0289;Антон Николаева;56-65;100+ тыс;Среднее;Восток;VIP;4,0;3;8;59,5;70
КЛ0290;Александр Гусев;46-55;50-75 тыс;Кандидат наук;Центр;VIP;2,0;6;9;612,33;137
КЛ0291;Антон Александрова;36-45;75-100 тыс;Бакалавр;Центр;Базовая;2,1;10;41;107,8;233
КЛ0292;Павел Лебедев;18-25;75-100 тыс;Кандидат наук;Юг;Премиум;1,6;2;37;555,59;59
КЛ0293;Георгий Тихонов;56-65;25-35 тыс;Среднее;Север;Базовая;1,2;6;25;740,17;91
КЛ0294;Алексей Петрова;65+;75-100 тыс;Неполное высшее;Восток;Базовая;2,7;6;18;669,5;292
КЛ0295;Евгений Волков;56-65;25-35 тыс;Неполное высшее;Юг;VIP;4,9;7;5;707,74;144
КЛ0296;Денис Королева;18-25;100+ тыс;Магистр;Север;Премиум;1,8;10;20;604,68;124
КЛ0297;Максим Лебедев;56-65;75-100 тыс;Неполное высшее;Центр;Базовая;1,6;7;2;224,75;177
КЛ0298;Франк Соловьев;18-25;50-75 тыс;Среднее;Запад;VIP;3,9;2;14;447,36;121
КЛ0299;Константин Орлова;18-25;35-50 тыс;Бакалавр;Север;Базовая;4,7;9;27;575,64;190
КЛ0300;Максим Тихонов;18-25;100+ тыс;Среднее;Центр;Базовая;3,5;7;5;493,92;31
КЛ0301;Константин Смирнова;26-35;35-50 тыс;Бакалавр;Восток;Премиум;4,7;7;45;673,92;167
КЛ0302;Дмитрий Морозов;36-45;35-50 тыс;Среднее;Юг;Базовая;4,1;10;7;166,56;84
КЛ0303;Максим Николаева;36-45;75-100 тыс;Среднее;Центр;Премиум;4,9;4;29;281,23;135
КЛ0304;Антон Борисова;26-35;50-75 тыс;Кандидат наук;Север;Базовая;4,3;6;10;118,41;127
КЛ0305;Евгений Макаров;56-65;25-35 тыс;Бакалавр;Восток;Базовая;1,1;7;29;466,97;281
КЛ0306;Георгий Васильев;46-55;25-35 тыс;Неполное высшее;Север;Базовая;1,2;4;9;198,6;205
КЛ0307;Евгений Соколова;65+;25-35 тыс;Кандидат наук;Центр;Премиум;4,7;2;2;797,87;101
КЛ0308;Франк Морозов;26-35;25-35 тыс;Бакалавр;Север;Базовая;4,8;1;11;743,1;221
КЛ0309;Игорь Орлова;18-25;75-100 тыс;Магистр;Юг;Премиум;1,9;3;18;259,89;76
КЛ0310;Алексей Селиванов;56-65;100+ тыс;Неполное высшее;Восток;Премиум;2,6;9;31;95,73;143
КЛ0311;Игорь Григорьев;46-55;35-50 тыс;Кандидат наук;Юг;VIP;5,0;9;2;792,05;365
КЛ0312;Евгений Новикова;56-65;75-100 тыс;Бакалавр;Центр;VIP;2,3;5;12;69,55;305
КЛ0313;Георгий Александрова;36-45;25-35 тыс;Магистр;Центр;Премиум;4,1;4;11;125,1;336
КЛ0314;Георгий Калинин;56-65;25-35 тыс;Неполное высшее;Центр;Премиум;2,4;3;12;227,41;162
КЛ0315;Евгений Романова;18-25;50-75 тыс;Кандидат наук;Центр;Базовая;3,3;4;32;456,59;89
КЛ0316;Михаил Антонова;18-25;25-35 тыс;Неполное высшее;Центр;Базовая;1,1;8;1;298,8;314
КЛ0317;Владислав Григорьев;36-45;35-50 тыс;Бакалавр;Север;Базовая;1,6;3;50;133,19;269
КЛ0318;Евгений Богданов;36-45;75-100 тыс;Кандидат наук;Север;Премиум;2,2;3;11;599,26;223
КЛ0319;Франк Орлова;65+;50-75 тыс;Неполное высшее;Центр;VIP;4,6;10;23;217,43;301
КЛ0320;Владимир Левин;36-45;50-75 тыс;Неполное высшее;Юг;VIP;1,0;10;26;688,07;290
КЛ0321;Алексей Демидова;56-65;50-75 тыс;Кандидат наук;Юг;VIP;3,3;8;10;298,38;39
КЛ0322;Георгий Кузнецов;36-45;35-50 тыс;Среднее;Восток;Премиум;1,0;4;16;569,88;179
КЛ0323;Григорий Васильев;65+;25-35 тыс;Среднее;Запад;Премиум;3,9;3;27;419,81;193
КЛ0324;Евгений Петров;46-55;25-35 тыс;Магистр;Центр;VIP;4,0;4;11;388,47;17
КЛ0325;Денис Александрова;36-45;50-75 тыс;Среднее;Север;Премиум;1,7;7;11;598,99;280
КЛ0326;Андрей Крылова;56-65;100+ тыс;Магистр;Север;Премиум;4,8;3;39;717,31;80
КЛ0327;Алексей Васильев;36-45;35-50 тыс;Неполное высшее;Запад;VIP;3,2;9;17;545,45;152
КЛ0328;Георгий Васильев;18-25;75-100 тыс;Кандидат наук;Центр;Премиум;1,6;6;1;370,7;150
КЛ0329;Франк Рыбаков;46-55;35-50 тыс;Среднее;Север;Базовая;1,7;5;6;405,18;59
КЛ0330;Денис Макаров;46-55;75-100 тыс;Бакалавр;Север;VIP;3,2;3;24;714,12;189
КЛ0331;Владимир Морозов;18-25;50-75 тыс;Магистр;Запад;Премиум;1,9;5;37;96,23;356
КЛ0332;Антон Борисова;65+;50-75 тыс;Кандидат наук;Запад;VIP;1,9;1;25;663,8;214
КЛ0333;Роман Соколова;46-55;100+ тыс;Неполное высшее;Запад;Премиум;1,3;1;33;478,41;264
КЛ0334;Сергей Соколова;56-65;35-50 тыс;Среднее;Запад;Базовая;4,8;3;14;656,35;64
КЛ0335;Алексей Михайлов;18-25;75-100 тыс;Неполное высшее;Юг;VIP;2,0;2;6;341,07;203
КЛ0336;Роман Королева;36-45;100+ тыс;Магистр;Север;VIP;3,5;9;27;134,39;76
КЛ0337;Артем Попов;56-65;100+ тыс;Среднее;Север;VIP;4,1;5;35;710,1;210
КЛ0338;Григорий Левин;65+;75-100 тыс;Кандидат наук;Центр;Премиум;1,1;5;26;157,89;311
КЛ0339;Игорь Антонова;46-55;50-75 тыс;Неполное высшее;Север;VIP;2,9;5;24;65,17;155
КЛ0340;Денис Калинин;46-55;25-35 тыс;Неполное высшее;Юг;Премиум;4,9;8;50;669,37;137
КЛ0341;Константин Рыбаков;65+;25-35 тыс;Неполное высшее;Запад;Базовая;4,7;7;48;413,35;264
КЛ0342;Евгений Белова;56-65;35-50 тыс;Среднее;Восток;VIP;3,0;3;50;688,47;291
КЛ0343;Александр Демидова;26-35;35-50 тыс;Среднее;Юг;Базовая;2,8;6;46;199,33;188
КЛ0344;Максим Панов;46-55;25-35 тыс;Среднее;Юг;Премиум;3,0;8;12;770,39;242
КЛ0345;Сергей Петрова;36-45;50-75 тыс;Неполное высшее;Восток;VIP;4,3;2;19;70,59;25
КЛ0346;Владимир Попов;26-35;35-50 тыс;Неполное высшее;Юг;Премиум;3,6;9;2;698,47;349
КЛ0347;Александр Новикова;26-35;35-50 тыс;Кандидат наук;Север;Базовая;2,0;5;46;775,27;329
КЛ0348;Григорий Михайлов;46-55;50-75 тыс;Магистр;Восток;Базовая;2,9;9;40;347,86;52
КЛ0349;Александр Панов;65+;50-75 тыс;Кандидат наук;Центр;VIP;2,1;2;31;97,88;141
КЛ0350;Франк Королева;36-45;50-75 тыс;Бакалавр;Юг;Базовая;3,1;4;4;654,07;307
КЛ0351;Игорь Смирнова;36-45;35-50 тыс;Среднее;Запад;Премиум;2,0;7;26;341,21;18
КЛ0352;Сергей Степанова;56-65;35-50 тыс;Бакалавр;Юг;VIP;3,1;8;43;318,87;153
КЛ0353;Владимир Смирнова;56-65;35-50 тыс;Бакалавр;Север;Премиум;1,5;5;47;656,26;93
КЛ0354;Дмитрий Сидоров;18-25;35-50 тыс;Бакалавр;Юг;VIP;4,5;7;22;328,76;299
КЛ0355;Денис Николаева;18-25;75-100 тыс;Среднее;Центр;VIP;4,8;2;31;717,07;256
КЛ0356;Антон Соколова;46-55;100+ тыс;Бакалавр;Запад;Базовая;4,5;3;9;794,26;175
КЛ0357;Константин Попов;46-55;35-50 тыс;Бакалавр;Юг;Базовая;3,0;3;21;525,87;2
КЛ0358;Максим Калинин;26-35;35-50 тыс;Кандидат наук;Юг;Премиум;4,1;2;9;510,86;324
КЛ0359;Константин Макаров;46-55;75-100 тыс;Магистр;Север;Базовая;3,1;6;1;719,0;271
КЛ0360;Владислав Александрова;65+;25-35 тыс;Неполное высшее;Юг;VIP;4,5;5;9;127,03;257
КЛ0361;Сергей Козлова;26-35;25-35 тыс;Среднее;Восток;Премиум;2,8;9;39;443,09;222
КЛ0362;Артем Крылова;46-55;50-75 тыс;Неполное высшее;Юг;Премиум;1,1;4;47;788,66;108
КЛ0363;Александр Романова;56-65;35-50 тыс;Среднее;Восток;VIP;3,6;1;25;707,41;130
КЛ0364;Роман Селиванов;18-25;100+ тыс;Среднее;Север;VIP;4,3;1;45;136,84;227
КЛ0365;Игорь Волков;56-65;50-75 тыс;Магистр;Юг;Базовая;3,8;1;20;365,65;51
КЛ0366;Павел Калинин;56-65;100+ тыс;Неполное высшее;Запад;Базовая;3,0;10;8;262,03;54
КЛ0367;Михаил Егоров;56-65;35-50 тыс;Бакалавр;Центр;Базовая;2,4;7;19;170,28;280
КЛ0368;Михаил Жукова;65+;75-100 тыс;Бакалавр;Юг;Базовая;1,1;2;8;676,42;342
КЛ0369;Михаил Гришина;18-25;100+ тыс;Среднее;Север;Премиум;3,6;8;19;248,09;25
КЛ0370;Антон Демидова;18-25;50-75 тыс;Бакалавр;Восток;Премиум;4,0;2;49;717,72;4
КЛ0371;Артем Смирнова;65+;35-50 тыс;Бакалавр;Восток;Премиум;4,8;5;47;119,71;175
КЛ0372;Владимир Волков;46-55;75-100 тыс;Магистр;Восток;Премиум;3,8;8;27;536,63;85
КЛ0373;Антон Григорьев;65+;25-35 тыс;Неполное высшее;Север;Премиум;4,6;8;37;558,79;92
КЛ0374;Станислав Левин;36-45;100+ тыс;Среднее;Юг;Премиум;4,7;2;27;380,52;32
КЛ0375;Григорий Сидоров;36-45;25-35 тыс;Кандидат наук;Центр;VIP;3,3;6;34;442,33;358
КЛ0376;Станислав Васильев;46-55;35-50 тыс;Магистр;Восток;VIP;3,7;7;10;679,27;285
КЛ0377;Станислав Белова;18-25;35-50 тыс;Кандидат наук;Запад;Премиум;4,5;2;49;418,74;123
КЛ0378;Дмитрий Калинин;18-25;100+ тыс;Неполное высшее;Центр;VIP;2,5;4;6;394,32;293
КЛ0379;Максим Борисова;46-55;75-100 тыс;Бакалавр;Север;Премиум;4,0;1;7;352,58;18
КЛ0380;Роман Петрова;18-25;25-35 тыс;Кандидат наук;Центр;VIP;2,2;9;36;205,14;343
КЛ0381;Максим Крылова;36-45;25-35 тыс;Неполное высшее;Запад;Премиум;3,2;10;39;404,85;336
КЛ0382;Евгений Степанова;46-55;25-35 тыс;Среднее;Юг;Базовая;2,4;5;36;441,49;359
КЛ0383;Антон Антонова;26-35;75-100 тыс;Неполное высшее;Запад;Базовая;2,0;4;13;140,56;201
КЛ0384;Владислав Николаева;26-35;50-75 тыс;Среднее;Запад;Базовая;4,7;10;8;629,11;230
КЛ0385;Максим Смирнова;56-65;100+ тыс;Неполное высшее;Запад;Базовая;3,1;1;36;751,48;299
КЛ0386;Михаил Панов;26-35;100+ тыс;Неполное высшее;Юг;Базовая;2,5;10;39;712,02;258
КЛ0387;Игорь Медведев;56-65;35-50 тыс;Бакалавр;Запад;Премиум;4,9;8;9;153,64;308
КЛ0388;Павел Козлова;65+;100+ тыс;Бакалавр;Центр;VIP;1,9;4;40;585,79;351
КЛ0389;Евгений Соколова;26-35;35-50 тыс;Кандидат наук;Центр;VIP;3,5;2;49;314,18;245
КЛ0390;Сергей Попов;65+;75-100 тыс;Кандидат наук;Восток;Премиум;4,2;9;7;68,95;74
КЛ0391;Алексей Смирнова;18-25;35-50 тыс;Бакалавр;Юг;Премиум;3,7;3;4;567,95;151
КЛ0392;Владислав Федорова;56-65;25-35 тыс;Бакалавр;Запад;Базовая;3,5;9;15;606,81;287
КЛ0393;Игорь Захаров;56-65;50-75 тыс;Среднее;Запад;Премиум;2,7;6;36;90,35;128
КЛ0394;Владислав Селиванов;46-55;35-50 тыс;Бакалавр;Центр;VIP;4,0;4;50;593,69;99
КЛ0395;Денис Морозов;26-35;25-35 тыс;Неполное высшее;Юг;VIP;3,1;7;3;371,38;284
КЛ0396;Григорий Григорьев;26-35;100+ тыс;Бакалавр;Север;Премиум;2,9;3;3;165,28;165
КЛ0397;Станислав Белова;65+;100+ тыс;Бакалавр;Запад;VIP;3,2;2;46;288,39;112
КЛ0398;Владимир Павлова;18-25;100+ тыс;Неполное высшее;Запад;VIP;3,1;2;23;215,9;109
КЛ0399;Дмитрий Крылова;36-45;50-75 тыс;Неполное высшее;Центр;VIP;2,9;9;49;785,85;4
КЛ0400;Антон Смирнова;36-45;75-100 тыс;Неполное высшее;Центр;VIP;2,0;1;44;714,25;195
КЛ0401;Антон Левин;36-45;100+ тыс;Бакалавр;Север;VIP;4,3;6;33;652,11;228
КЛ0402;Михаил Антонова;36-45;35-50 тыс;Бакалавр;Центр;Базовая;4,8;3;50;453,48;3
КЛ0403;Франк Богданов;26-35;35-50 тыс;Магистр;Север;Базовая;3,2;7;42;662,57;36
КЛ0404;Артем Александрова;46-55;50-75 тыс;Среднее;Север;Базовая;1,2;5;36;102,83;116
КЛ0405;Григорий Медведев;46-55;75-100 тыс;Магистр;Запад;Премиум;1,1;2;35;54,42;316
КЛ0406;Андрей Федорова;65+;100+ тыс;Среднее;Север;Премиум;4,7;2;19;640,17;154
КЛ0407;Станислав Борисова;36-45;75-100 тыс;Магистр;Запад;VIP;1,1;3;35;214,9;200
КЛ0408;Роман Карпова;65+;35-50 тыс;Бакалавр;Восток;Базовая;3,2;9;10;142,43;2
КЛ0409;Сергей Рыбаков;46-55;100+ тыс;Кандидат наук;Север;Премиум;1,8;6;14;359,49;330
КЛ0410;Павел Гришина;26-35;35-50 тыс;Неполное высшее;Центр;Премиум;1,8;3;43;649,75;27
КЛ0411;Роман Николаева;65+;100+ тыс;Среднее;Восток;VIP;1,3;2;13;594,19;249
КЛ0412;Дмитрий Кузнецов;26-35;35-50 тыс;Среднее;Восток;VIP;1,3;4;21;414,4;168
КЛ0413;Станислав Смирнова;36-45;100+ тыс;Неполное высшее;Центр;VIP;2,5;6;28;176,48;160
КЛ0414;Георгий Зайцева;65+;75-100 тыс;Бакалавр;Восток;Базовая;3,7;6;31;397,14;183
КЛ0415;Денис Орлова;56-65;25-35 тыс;Неполное высшее;Центр;Базовая;4,4;3;35;197,32;320
КЛ0416;Андрей Титова;18-25;25-35 тыс;Кандидат наук;Север;VIP;3,3;10;14;729,73;282
КЛ0417;Григорий Петров;56-65;75-100 тыс;Неполное высшее;Восток;Премиум;1,9;10;47;692,87;68
КЛ0418;Максим Панов;56-65;25-35 тыс;Магистр;Восток;VIP;1,0;4;40;563,12;263
КЛ0419;Артем Морозов;26-35;35-50 тыс;Кандидат наук;Центр;VIP;4,5;3;48;599,0;183
КЛ0420;Алексей Зайцева;46-55;35-50 тыс;Среднее;Восток;Премиум;1,9;4;34;730,79;184
КЛ0421;Игорь Новикова;46-55;25-35 тыс;Среднее;Восток;Базовая;3,8;9;41;672,24;134
КЛ0422;Сергей Петров;56-65;35-50 тыс;Магистр;Запад;Премиум;3,4;2;34;238,69;114
КЛ0423;Павел Макаров;36-45;50-75 тыс;Магистр;Запад;VIP;1,0;3;29;174,2;39
КЛ0424;Павел Сидоров;36-45;35-50 тыс;Неполное высшее;Юг;Базовая;2,4;2;43;222,76;169
КЛ0425;Антон Новикова;65+;75-100 тыс;Магистр;Юг;VIP;1,6;7;2;232,75;65
КЛ0426;Сергей Романова;26-35;35-50 тыс;Кандидат наук;Север;VIP;1,6;3;17;741,84;264
КЛ0427;Игорь Рыбаков;56-65;25-35 тыс;Бакалавр;Север;Базовая;2,8;8;31;177,93;210
КЛ0428;Станислав Гришина;56-65;35-50 тыс;Кандидат наук;Центр;Премиум;1,7;6;30;497,4;35
КЛ0429;Георгий Левин;46-55;35-50 тыс;Среднее;Север;Базовая;3,1;9;44;364,85;76
КЛ0430;Станислав Васильев;26-35;75-100 тыс;Кандидат наук;Центр;Базовая;4,5;9;33;614,29;47
КЛ0431;Михаил Смирнова;26-35;100+ тыс;Кандидат наук;Север;VIP;3,6;9;27;327,78;22
КЛ0432;Павел Михайлов;26-35;75-100 тыс;Магистр;Восток;VIP;4,2;10;7;369,12;130
КЛ0433;Михаил Зайцева;18-25;50-75 тыс;Кандидат наук;Центр;Премиум;2,0;1;46;607,73;3
КЛ0434;Сергей Павлова;18-25;100+ тыс;Среднее;Запад;VIP;1,8;6;27;321,7;79
КЛ0435;Константин Сидоров;56-65;50-75 тыс;Бакалавр;Центр;Премиум;3,3;10;18;793,85;203
КЛ0436;Владислав Медведев;56-65;100+ тыс;Магистр;Юг;Премиум;3,2;8;17;791,38;295
КЛ0437;Евгений Степанова;46-55;35-50 тыс;Среднее;Юг;Премиум;4,1;3;7;210,84;205
КЛ0438;Дмитрий Петрова;56-65;25-35 тыс;Неполное высшее;Запад;VIP;1,0;2;10;403,75;307
КЛ0439;Константин Борисова;18-25;50-75 тыс;Неполное высшее;Восток;Базовая;3,4;7;26;510,47;266
КЛ0440;Денис Степанова;56-65;25-35 тыс;Неполное высшее;Запад;Премиум;1,0;9;19;196,06;306
КЛ0441;Павел Павлова;65+;35-50 тыс;Кандидат наук;Юг;VIP;1,1;4;42;50,22;80
КЛ0442;Андрей Калинин;46-55;50-75 тыс;Магистр;Запад;VIP;1,8;1;48;577,72;46
КЛ0443;Роман Карпова;65+;100+ тыс;Кандидат наук;Восток;Премиум;4,9;5;15;504,77;99
КЛ0444;Максим Макаров;56-65;25-35 тыс;Бакалавр;Юг;Премиум;3,0;9;5;427,38;174
КЛ0445;Антон Панов;36-45;100+ тыс;Кандидат наук;Восток;VIP;2,8;7;37;412,72;124
КЛ0446;Дмитрий Николаева;65+;75-100 тыс;Кандидат наук;Север;Премиум;1,5;2;25;525,25;112
КЛ0447;Георгий Королева;46-55;50-75 тыс;Кандидат наук;Центр;Базовая;3,8;5;16;265,47;204
КЛ0448;Дмитрий Богданов;56-65;35-50 тыс;Магистр;Восток;Премиум;1,9;10;18;187,09;349
КЛ0449;Владислав Орлова;65+;35-50 тыс;Неполное высшее;Юг;Премиум;1,8;4;16;677,25;182
КЛ0450;Артем Васильев;18-25;25-35 тыс;Магистр;Центр;Базовая;4,1;9;3;686,01;190
КЛ0451;Станислав Королева;46-55;100+ тыс;Бакалавр;Запад;Базовая;4,9;9;18;348,41;295
КЛ0452;Артем Белова;56-65;75-100 тыс;Магистр;Центр;Базовая;3,0;7;44;631,93;234
КЛ0453;Антон Соловьев;56-65;75-100 тыс;Бакалавр;Север;Базовая;3,7;7;38;125,56;185
КЛ0454;Станислав Исаев;26-35;100+ тыс;Бакалавр;Юг;Премиум;2,9;10;22;324,44;255
КЛ0455;Константин Жукова;46-55;50-75 тыс;Бакалавр;Запад;Премиум;2,8;10;9;784,45;351
КЛ0456;Георгий Васильев;65+;50-75 тыс;Неполное высшее;Центр;Премиум;4,4;4;10;650,03;76
КЛ0457;Михаил Абрамова;26-35;75-100 тыс;Магистр;Юг;VIP;3,1;6;32;275,03;287
КЛ0458;Сергей Белова;46-55;25-35 тыс;Неполное высшее;Север;Базовая;4,3;8;41;122,23;171
КЛ0459;Григорий Лебедев;36-45;100+ тыс;Кандидат наук;Восток;Премиум;1,1;2;23;700,53;310
КЛ0460;Владислав Попов;56-65;100+ тыс;Неполное высшее;Восток;Премиум;2,3;9;32;631,06;228
КЛ0461;Андрей Левин;56-65;50-75 тыс;Магистр;Юг;Базовая;3,6;6;27;523,46;292
КЛ0462;Игорь Богданов;18-25;35-50 тыс;Бакалавр;Юг;Премиум;2,3;5;46;250,6;330
КЛ0463;Игорь Калинин;46-55;50-75 тыс;Кандидат наук;Центр;Премиум;2,7;3;2;143,78;120
КЛ0464;Григорий Тихонов;65+;25-35 тыс;Неполное высшее;Юг;Премиум;1,4;2;31;461,33;13
КЛ0465;Игорь Павлова;18-25;25-35 тыс;Бакалавр;Центр;Базовая;1,3;7;20;222,02;145
КЛ0466;Максим Семенов;26-35;35-50 тыс;Кандидат наук;Юг;Базовая;1,1;6;21;698,18;239
КЛ0467;Роман Калинин;56-65;75-100 тыс;Неполное высшее;Центр;Базовая;3,4;8;41;611,68;288
КЛ0468;Константин Павлова;65+;100+ тыс;Бакалавр;Восток;Премиум;3,2;2;29;280,9;211
КЛ0469;Григорий Гришина;36-45;25-35 тыс;Среднее;Центр;Базовая;2,4;8;35;56,24;251
КЛ0470;Михаил Козлова;18-25;75-100 тыс;Бакалавр;Центр;Базовая;4,2;9;24;191,43;287
КЛ0471;Константин Макаров;26-35;35-50 тыс;Магистр;Запад;Базовая;2,1;7;41;229,67;313
КЛ0472;Григорий Карпова;65+;100+ тыс;Бакалавр;Запад;Базовая;4,4;3;9;267,2;326
КЛ0473;Максим Селиванов;46-55;50-75 тыс;Кандидат наук;Запад;Базовая;2,3;3;4;777,29;11
КЛ0474;Владимир Васильев;36-45;50-75 тыс;Неполное высшее;Запад;VIP;1,0;2;10;61,04;111
КЛ0475;Дмитрий Медведев;36-45;75-100 тыс;Бакалавр;Запад;VIP;4,2;6;6;682,66;74
КЛ0476;Алексей Калинин;46-55;25-35 тыс;Кандидат наук;Запад;Базовая;1,8;5;25;671,19;62
КЛ0477;Георгий Левин;46-55;35-50 тыс;Среднее;Юг;Премиум;3,9;2;34;549,51;106
КЛ0478;Михаил Левин;65+;50-75 тыс;Бакалавр;Юг;VIP;3,9;9;34;141,61;246
КЛ0479;Франк Козлова;26-35;50-75 тыс;Среднее;Юг;Базовая;1,9;7;21;61,3;141
КЛ0480;Сергей Волков;46-55;35-50 тыс;Среднее;Север;VIP;4,1;8;45;497,16;190
КЛ0481;Андрей Захаров;26-35;75-100 тыс;Среднее;Центр;Премиум;4,7;1;4;316,64;78
КЛ0482;Роман Васильев;26-35;75-100 тыс;Неполное высшее;Восток;VIP;4,2;6;29;599,89;10
КЛ0483;Игорь Кузнецов;65+;35-50 тыс;Бакалавр;Север;Премиум;3,8;9;19;457,05;250
КЛ0484;Владислав Попов;26-35;100+ тыс;Бакалавр;Восток;VIP;2,9;10;36;170,26;271
КЛ0485;Артем Морозов;36-45;50-75 тыс;Кандидат наук;Восток;Премиум;1,0;9;25;600,24;9
КЛ0486;Станислав Лебедев;56-65;35-50 тыс;Бакалавр;Север;VIP;4,9;7;13;443,05;254
КЛ0487;Роман Гришина;56-65;50-75 тыс;Бакалавр;Запад;VIP;2,3;2;34;544,17;22
КЛ0488;Артем Демидова;18-25;35-50 тыс;Среднее;Запад;Базовая;1,4;10;42;677,22;336
КЛ0489;Михаил Павлова;56-65;100+ тыс;Бакалавр;Север;Премиум;1,9;2;1;747,66;106
КЛ0490;Франк Орлова;18-25;75-100 тыс;Среднее;Восток;VIP;4,0;7;24;645,69;29
КЛ0491;Станислав Калинин;56-65;25-35 тыс;Среднее;Восток;Базовая;4,8;9;7;125,92;118
КЛ0492;Роман Левин;26-35;35-50 тыс;Кандидат наук;Юг;VIP;3,5;3;36;611,9;212
КЛ0493;Антон Семенов;56-65;50-75 тыс;Магистр;Запад;Базовая;1,7;3;36;351,17;172
КЛ0494;Владимир Петров;56-65;75-100 тыс;Бакалавр;Восток;VIP;5,0;6;24;359,26;324
КЛ0495;Константин Титова;36-45;100+ тыс;Неполное высшее;Центр;VIP;1,9;9;48;240,57;231
КЛ0496;Максим Макаров;18-25;25-35 тыс;Бакалавр;Центр;Базовая;3,1;5;1;275,25;113
КЛ0497;Владислав Королева;18-25;50-75 тыс;Кандидат наук;Центр;VIP;3,3;10;10;120,72;235
КЛ0498;Евгений Гришина;26-35;50-75 тыс;Бакалавр;Центр;Базовая;1,9;5;6;477,87;291
КЛ0499;Владислав Титова;18-25;50-75 тыс;Магистр;Юг;Премиум;4,3;10;7;496,42;153
КЛ0500;Алексей Титова;56-65;75-100 тыс;Среднее;Север;Премиум;2,4;7;27;747,68;61
