order_id;customer_id;order_date;product_category;product_name;price;quantity;discount_percent;city;payment_method;total_amount;day_of_week
ORD000731;CUST0361;2024-01-01;Дом и сад;Пылесос;3063;1;0;Екатеринбург;Электронный кошелек;3063,0;Понедельник
ORD000413;CUST0025;2024-01-01;Спорт;Гантели;4558;4;10;Екатеринбург;Наличные;16408,8;Понедельник
ORD000409;CUST0486;2024-01-01;Книги;Анна Каренина;421;5;15;Москва;Карта;1789,25;Понедельник
ORD000555;CUST0460;2024-01-01;Книги;Война и мир;507;1;0;Нижний Новгород;Наличные;507,0;Понедельник
ORD000404;CUST0170;2024-01-01;Дом и сад;Чайник;3552;1;0;Новосибирск;Карта;3552,0;Понедельник
ORD000142;CUST0142;2024-01-02;Одежда;Рубашка;2560;3;0;Москва;Карта;7680,0;Вторник
ORD000271;CUST0388;2024-01-02;Электроника;iPad;29334;2;0;Екатеринбург;Карта;58668,0;Вторник
ORD000291;CUST0212;2024-01-04;Одежда;Кроссовки;3355;2;0;Нижний Новгород;Наличные;6710,0;Четверг
ORD000156;CUST0093;2024-01-04;Одежда;Платье;3502;1;5;Москва;Карта;3326,8999999999996;Четверг
ORD000517;CUST0321;2024-01-04;Электроника;MacBook Air;27555;2;10;Екатеринбург;Карта;49599,0;Четверг
ORD000559;CUST0193;2024-01-04;Книги;Алгоритмы;1113;1;0;Санкт-Петербург;Наличные;1113,0;Четверг
ORD000545;CUST0257;2024-01-04;Одежда;Свитер;2238;1;5;Санкт-Петербург;Карта;2126,1;Четверг
ORD000513;CUST0059;2024-01-05;Книги;Гарри Поттер;580;4;5;Нижний Новгород;Карта;2204,0;Пятница
ORD000468;CUST0155;2024-01-05;Спорт;Беговые кроссовки;3841;1;5;Санкт-Петербург;Наличные;3648,95;Пятница
ORD000730;CUST0314;2024-01-05;Дом и сад;Утюг;3021;3;0;Нижний Новгород;Карта;9063,0;Пятница
ORD000567;CUST0104;2024-01-06;Книги;Анна Каренина;392;1;0;Нижний Новгород;Электронный кошелек;392,0;Суббота
ORD000083;CUST0265;2024-01-06;Одежда;Джинсы;2957;1;0;Санкт-Петербург;Электронный кошелек;2957,0;Суббота
ORD000483;CUST0330;2024-01-06;Одежда;Платье;3870;3;10;Москва;Наличные;10449,0;Суббота
ORD000090;CUST0294;2024-01-07;Красота;Духи;1974;1;15;Новосибирск;Наличные;1677,8999999999999;Воскресенье
ORD000375;CUST0126;2024-01-07;Электроника;AirPods;22960;3;0;Москва;Электронный кошелек;68880,0;Воскресенье
ORD000143;CUST0184;2024-01-08;Одежда;Платье;2862;1;0;Казань;Наличные;2862,0;Понедельник
ORD000850;CUST0271;2024-01-08;Одежда;Кроссовки;3260;1;15;Нижний Новгород;Карта;2771,0;Понедельник
ORD000030;CUST0497;2024-01-08;Электроника;MacBook Air;19995;1;0;Екатеринбург;Карта;19995,0;Понедельник
ORD000655;CUST0176;2024-01-08;Книги;Python для начинающих;706;1;0;Казань;Электронный кошелек;706,0;Понедельник
ORD000836;CUST0433;2024-01-09;Красота;Шампунь;839;1;0;Казань;Карта;839,0;Вторник
ORD000193;CUST0324;2024-01-09;Дом и сад;Кофеварка;5071;1;0;Нижний Новгород;Наличные;5071,0;Вторник
ORD000365;CUST0301;2024-01-09;Электроника;iPhone 15;30006;1;0;Екатеринбург;Электронный кошелек;30006,0;Вторник
ORD000237;CUST0189;2024-01-09;Красота;Крем для лица;1932;2;5;Казань;Электронный кошелек;3670,7999999999997;Вторник
ORD000657;CUST0193;2024-01-10;Дом и сад;Кофеварка;4357;1;0;Казань;Электронный кошелек;4357,0;Среда
ORD000610;CUST0078;2024-01-10;Электроника;Samsung Galaxy;19972;4;0;Санкт-Петербург;Электронный кошелек;79888,0;Среда
ORD000461;CUST0347;2024-01-10;Электроника;Смарт-часы;28504;1;10;Новосибирск;Карта;25653,600000000002;Среда
ORD000397;CUST0196;2024-01-10;Книги;Гарри Поттер;593;3;0;Нижний Новгород;Электронный кошелек;1779,0;Среда
ORD000486;CUST0053;2024-01-10;Спорт;Гантели;2886;2;10;Нижний Новгород;Электронный кошелек;5194,8;Среда
ORD000880;CUST0322;2024-01-10;Книги;Анна Каренина;548;2;0;Казань;Наличные;1096,0;Среда
ORD000812;CUST0150;2024-01-11;Одежда;Джинсы;2496;3;10;Нижний Новгород;Электронный кошелек;6739,2;Четверг
ORD000949;CUST0083;2024-01-11;Красота;Шампунь;785;1;0;Нижний Новгород;Электронный кошелек;785,0;Четверг
ORD000067;CUST0439;2024-01-11;Дом и сад;Утюг;2465;4;0;Екатеринбург;Наличные;9860,0;Четверг
ORD000405;CUST0076;2024-01-12;Дом и сад;Чайник;3494;3;10;Москва;Наличные;9433,800000000001;Пятница
ORD000126;CUST0425;2024-01-12;Книги;Война и мир;432;2;5;Казань;Карта;820,8;Пятница
ORD000596;CUST0065;2024-01-12;Книги;Алгоритмы;1097;4;5;Москва;Карта;4168,599999999999;Пятница
ORD000661;CUST0021;2024-01-12;Одежда;Платье;2825;1;5;Москва;Наличные;2683,75;Пятница
ORD000324;CUST0248;2024-01-13;Электроника;iPad;28488;4;0;Казань;Карта;113952,0;Суббота
ORD000501;CUST0196;2024-01-13;Одежда;Джинсы;3858;1;5;Санкт-Петербург;Наличные;3665,1;Суббота
ORD000744;CUST0147;2024-01-14;Спорт;Беговые кроссовки;2716;1;5;Новосибирск;Карта;2580,2;Воскресенье
ORD000070;CUST0043;2024-01-14;Книги;Война и мир;391;1;0;Екатеринбург;Наличные;391,0;Воскресенье
ORD000870;CUST0392;2024-01-14;Книги;Гарри Поттер;557;1;20;Екатеринбург;Наличные;445,6;Воскресенье
ORD000238;CUST0306;2024-01-14;Спорт;Йога-мат;2560;3;5;Нижний Новгород;Карта;7296,0;Воскресенье
ORD000155;CUST0312;2024-01-14;Книги;Гарри Поттер;430;1;5;Новосибирск;Наличные;408,5;Воскресенье
ORD000214;CUST0185;2024-01-14;Дом и сад;Кофеварка;5528;3;0;Нижний Новгород;Карта;16584,0;Воскресенье
ORD000421;CUST0106;2024-01-14;Одежда;Кроссовки;3500;1;10;Новосибирск;Наличные;3150,0;Воскресенье
ORD000700;CUST0427;2024-01-15;Одежда;Рубашка;2246;1;5;Екатеринбург;Карта;2133,7;Понедельник
ORD000900;CUST0391;2024-01-15;Электроника;Смарт-часы;27124;1;5;Санкт-Петербург;Карта;25767,8;Понедельник
ORD000479;CUST0442;2024-01-15;Книги;Алгоритмы;990;1;10;Екатеринбург;Карта;891,0;Понедельник
ORD000886;CUST0133;2024-01-15;Красота;Маска для волос;1450;3;15;Екатеринбург;Карта;3697,5;Понедельник
ORD000439;CUST0089;2024-01-15;Одежда;Рубашка;3005;1;0;Новосибирск;Электронный кошелек;3005,0;Понедельник
ORD000146;CUST0032;2024-01-16;Спорт;Гантели;3823;1;5;Екатеринбург;Карта;3631,85;Вторник
ORD000669;CUST0392;2024-01-16;Красота;Духи;2553;1;5;Казань;Электронный кошелек;2425,35;Вторник
ORD000338;CUST0408;2024-01-16;Одежда;Куртка зимняя;2159;1;0;Екатеринбург;Электронный кошелек;2159,0;Вторник
ORD000394;CUST0196;2024-01-16;Книги;Война и мир;402;1;0;Новосибирск;Наличные;402,0;Вторник
ORD000300;CUST0092;2024-01-17;Красота;Крем для лица;1915;2;5;Казань;Наличные;3638,5;Среда
ORD000600;CUST0340;2024-01-18;Красота;Помада;1462;1;10;Новосибирск;Электронный кошелек;1315,8;Четверг
ORD000756;CUST0013;2024-01-18;Дом и сад;Микроволновка;3671;2;10;Санкт-Петербург;Электронный кошелек;6607,8;Четверг
ORD000639;CUST0146;2024-01-18;Дом и сад;Микроволновка;5053;5;0;Новосибирск;Карта;25265,0;Четверг
ORD000320;CUST0405;2024-01-19;Красота;Маска для волос;1901;4;0;Санкт-Петербург;Электронный кошелек;7604,0;Пятница
ORD000771;CUST0174;2024-01-19;Электроника;iPad;35180;1;0;Казань;Электронный кошелек;35180,0;Пятница
ORD000554;CUST0450;2024-01-20;Дом и сад;Кофеварка;6909;1;5;Нижний Новгород;Электронный кошелек;6563,549999999999;Суббота
ORD000677;CUST0267;2024-01-20;Электроника;AirPods;24354;3;10;Санкт-Петербург;Электронный кошелек;65755,8;Суббота
ORD000460;CUST0274;2024-01-20;Одежда;Кроссовки;3695;1;0;Нижний Новгород;Карта;3695,0;Суббота
ORD000190;CUST0147;2024-01-20;Спорт;Футбольный мяч;3466;1;5;Москва;Карта;3292,7;Суббота
ORD000073;CUST0387;2024-01-21;Электроника;MacBook Air;20490;1;0;Санкт-Петербург;Наличные;20490,0;Воскресенье
ORD000797;CUST0241;2024-01-21;Книги;Анна Каренина;324;2;0;Казань;Карта;648,0;Воскресенье
ORD000542;CUST0333;2024-01-21;Красота;Крем для лица;1683;2;10;Казань;Наличные;3029,4;Воскресенье
ORD000045;CUST0461;2024-01-21;Красота;Шампунь;887;2;0;Нижний Новгород;Наличные;1774,0;Воскресенье
ORD000514;CUST0350;2024-01-21;Красота;Духи;2499;4;0;Нижний Новгород;Электронный кошелек;9996,0;Воскресенье
ORD000102;CUST0391;2024-01-21;Одежда;Свитер;2832;1;0;Нижний Новгород;Наличные;2832,0;Воскресенье
ORD000388;CUST0111;2024-01-21;Красота;Шампунь;604;1;0;Нижний Новгород;Карта;604,0;Воскресенье
ORD000282;CUST0448;2024-01-21;Электроника;MacBook Air;29570;1;5;Санкт-Петербург;Наличные;28091,5;Воскресенье
ORD000768;CUST0496;2024-01-21;Спорт;Футбольный мяч;2638;1;0;Казань;Наличные;2638,0;Воскресенье
ORD000541;CUST0343;2024-01-22;Одежда;Платье;3983;1;0;Екатеринбург;Карта;3983,0;Понедельник
ORD000340;CUST0390;2024-01-22;Книги;Война и мир;514;5;0;Казань;Карта;2570,0;Понедельник
ORD000393;CUST0483;2024-01-22;Спорт;Беговые кроссовки;2803;2;10;Екатеринбург;Наличные;5045,400000000001;Понедельник
ORD000914;CUST0298;2024-01-22;Одежда;Куртка зимняя;2406;1;0;Екатеринбург;Карта;2406,0;Понедельник
ORD000247;CUST0148;2024-01-22;Книги;Python для начинающих;726;1;0;Екатеринбург;Карта;726,0;Понедельник
ORD000428;CUST0217;2024-01-22;Электроника;Смарт-часы;24031;5;5;Нижний Новгород;Наличные;114147,25;Понедельник
ORD000199;CUST0406;2024-01-23;Одежда;Джинсы;3113;1;0;Нижний Новгород;Наличные;3113,0;Вторник
ORD000786;CUST0028;2024-01-23;Книги;Гарри Поттер;523;1;0;Екатеринбург;Карта;523,0;Вторник
ORD000925;CUST0336;2024-01-23;Дом и сад;Утюг;2237;2;5;Нижний Новгород;Карта;4250,3;Вторник
ORD000992;CUST0252;2024-01-24;Электроника;iPad;28866;1;10;Новосибирск;Наличные;25979,4;Среда
ORD000913;CUST0003;2024-01-24;Красота;Маска для волос;1929;1;0;Новосибирск;Карта;1929,0;Среда
ORD000937;CUST0043;2024-01-24;Спорт;Йога-мат;1777;2;5;Екатеринбург;Электронный кошелек;3376,2999999999997;Среда
ORD000475;CUST0005;2024-01-24;Одежда;Кроссовки;4353;1;10;Нижний Новгород;Наличные;3917,7000000000003;Среда
ORD000287;CUST0289;2024-01-24;Одежда;Кроссовки;3150;1;15;Нижний Новгород;Электронный кошелек;2677,5;Среда
ORD000351;CUST0024;2024-01-25;Электроника;Смарт-часы;29258;1;0;Санкт-Петербург;Наличные;29258,0;Четверг
ORD000274;CUST0126;2024-01-25;Книги;Python для начинающих;753;1;0;Москва;Карта;753,0;Четверг
ORD000649;CUST0281;2024-01-26;Спорт;Йога-мат;1502;2;5;Санкт-Петербург;Карта;2853,7999999999997;Пятница
ORD000186;CUST0329;2024-01-27;Спорт;Йога-мат;2065;1;10;Москва;Наличные;1858,5;Суббота
ORD000564;CUST0083;2024-01-27;Спорт;Беговые кроссовки;4139;3;0;Нижний Новгород;Наличные;12417,0;Суббота
ORD000239;CUST0299;2024-01-27;Спорт;Футбольный мяч;3044;2;5;Екатеринбург;Карта;5783,599999999999;Суббота
ORD000176;CUST0405;2024-01-27;Книги;Гарри Поттер;444;1;5;Новосибирск;Наличные;421,79999999999995;Суббота
ORD000303;CUST0051;2024-01-28;Спорт;Футбольный мяч;3610;1;5;Нижний Новгород;Наличные;3429,5;Воскресенье
ORD000505;CUST0007;2024-01-28;Книги;Гарри Поттер;493;3;10;Екатеринбург;Карта;1331,1000000000001;Воскресенье
ORD000894;CUST0354;2024-01-28;Книги;Алгоритмы;852;1;5;Казань;Наличные;809,4;Воскресенье
ORD000807;CUST0033;2024-01-28;Красота;Помада;1166;2;10;Екатеринбург;Электронный кошелек;2098,8;Воскресенье
ORD000438;CUST0264;2024-01-29;Одежда;Джинсы;3103;2;0;Нижний Новгород;Электронный кошелек;6206,0;Понедельник
ORD000702;CUST0428;2024-01-29;Дом и сад;Пылесос;4156;2;0;Москва;Карта;8312,0;Понедельник
ORD000161;CUST0004;2024-01-29;Одежда;Куртка зимняя;3802;3;5;Новосибирск;Наличные;10835,699999999999;Понедельник
ORD000871;CUST0339;2024-01-29;Одежда;Рубашка;2102;1;0;Казань;Карта;2102,0;Понедельник
ORD000887;CUST0441;2024-01-29;Электроника;iPad;31829;3;15;Екатеринбург;Наличные;81163,95;Понедельник
ORD000549;CUST0086;2024-01-29;Красота;Шампунь;808;1;15;Казань;Карта;686,8;Понедельник
ORD000171;CUST0181;2024-01-29;Дом и сад;Микроволновка;4431;1;0;Новосибирск;Карта;4431,0;Понедельник
ORD000458;CUST0003;2024-01-30;Спорт;Йога-мат;1651;3;0;Санкт-Петербург;Наличные;4953,0;Вторник
ORD000632;CUST0422;2024-01-30;Дом и сад;Пылесос;4070;2;10;Москва;Карта;7326,0;Вторник
ORD000020;CUST0124;2024-01-30;Дом и сад;Микроволновка;3757;1;0;Нижний Новгород;Карта;3757,0;Вторник
ORD000268;CUST0479;2024-01-31;Электроника;AirPods;17976;1;5;Казань;Электронный кошелек;17077,2;Среда
ORD000224;CUST0081;2024-01-31;Спорт;Гантели;3962;1;5;Новосибирск;Электронный кошелек;3763,8999999999996;Среда
ORD000847;CUST0241;2024-01-31;Электроника;iPad;21779;1;0;Москва;Карта;21779,0;Среда
ORD000882;CUST0268;2024-01-31;Одежда;Куртка зимняя;2932;1;5;Новосибирск;Наличные;2785,4;Среда
ORD000094;CUST0313;2024-01-31;Книги;Python для начинающих;1015;1;0;Казань;Карта;1015,0;Среда
ORD000396;CUST0045;2024-02-01;Красота;Духи;1565;1;10;Нижний Новгород;Карта;1408,5;Четверг
ORD000727;CUST0047;2024-02-01;Одежда;Рубашка;3081;4;5;Москва;Карта;11707,8;Четверг
ORD000997;CUST0163;2024-02-01;Спорт;Велосипед;3305;1;0;Санкт-Петербург;Карта;3305,0;Четверг
ORD000425;CUST0431;2024-02-01;Спорт;Велосипед;3329;2;10;Екатеринбург;Электронный кошелек;5992,2;Четверг
ORD000384;CUST0223;2024-02-01;Книги;Алгоритмы;842;1;0;Екатеринбург;Электронный кошелек;842,0;Четверг
ORD000135;CUST0326;2024-02-02;Спорт;Йога-мат;2179;1;0;Москва;Наличные;2179,0;Пятница
ORD000480;CUST0134;2024-02-02;Книги;Гарри Поттер;424;3;0;Казань;Электронный кошелек;1272,0;Пятница
ORD000776;CUST0412;2024-02-02;Одежда;Свитер;2527;3;5;Екатеринбург;Наличные;7201,95;Пятница
ORD000215;CUST0159;2024-02-03;Спорт;Гантели;4062;3;10;Москва;Карта;10967,4;Суббота
ORD000805;CUST0288;2024-02-04;Книги;Алгоритмы;783;1;0;Казань;Наличные;783,0;Воскресенье
ORD000984;CUST0446;2024-02-04;Электроника;AirPods;24718;1;0;Новосибирск;Наличные;24718,0;Воскресенье
ORD000862;CUST0256;2024-02-04;Книги;Python для начинающих;1027;1;5;Санкт-Петербург;Наличные;975,65;Воскресенье
ORD000570;CUST0471;2024-02-05;Электроника;Samsung Galaxy;24379;2;15;Новосибирск;Наличные;41444,299999999996;Понедельник
ORD000964;CUST0044;2024-02-05;Красота;Помада;1129;3;0;Екатеринбург;Карта;3387,0;Понедельник
ORD000111;CUST0142;2024-02-05;Спорт;Йога-мат;2521;2;10;Новосибирск;Электронный кошелек;4537,8;Понедельник
ORD000714;CUST0160;2024-02-06;Дом и сад;Пылесос;4097;1;0;Казань;Карта;4097,0;Вторник
ORD000455;CUST0242;2024-02-06;Одежда;Платье;2470;2;0;Екатеринбург;Карта;4940,0;Вторник
ORD000024;CUST0363;2024-02-06;Книги;Python для начинающих;670;4;10;Москва;Электронный кошелек;2412,0;Вторник
ORD000522;CUST0184;2024-02-07;Дом и сад;Микроволновка;4370;2;5;Новосибирск;Наличные;8303,0;Среда
ORD000529;CUST0149;2024-02-07;Книги;Python для начинающих;680;1;0;Новосибирск;Наличные;680,0;Среда
ORD000124;CUST0227;2024-02-07;Красота;Маска для волос;1583;4;5;Екатеринбург;Наличные;6015,4;Среда
ORD000306;CUST0043;2024-02-07;Красота;Шампунь;742;3;0;Екатеринбург;Наличные;2226,0;Среда
ORD000760;CUST0142;2024-02-07;Электроника;AirPods;23329;5;0;Новосибирск;Карта;116645,0;Среда
ORD000876;CUST0431;2024-02-08;Дом и сад;Чайник;2617;1;20;Екатеринбург;Карта;2093,6;Четверг
ORD000392;CUST0012;2024-02-08;Электроника;MacBook Air;31037;1;0;Новосибирск;Карта;31037,0;Четверг
ORD000301;CUST0154;2024-02-09;Одежда;Платье;2702;3;0;Нижний Новгород;Наличные;8106,0;Пятница
ORD000846;CUST0010;2024-02-09;Спорт;Гантели;2902;1;5;Нижний Новгород;Электронный кошелек;2756,9;Пятница
ORD000355;CUST0068;2024-02-09;Дом и сад;Чайник;3035;1;0;Новосибирск;Карта;3035,0;Пятница
ORD000411;CUST0122;2024-02-09;Красота;Помада;961;3;0;Казань;Электронный кошелек;2883,0;Пятница
ORD000373;CUST0255;2024-02-09;Спорт;Велосипед;3206;1;0;Новосибирск;Карта;3206,0;Пятница
ORD000485;CUST0236;2024-02-10;Спорт;Велосипед;3391;3;0;Москва;Наличные;10173,0;Суббота
ORD000607;CUST0217;2024-02-10;Книги;Алгоритмы;1010;3;5;Казань;Электронный кошелек;2878,5;Суббота
ORD000219;CUST0129;2024-02-10;Одежда;Кроссовки;5095;1;5;Нижний Новгород;Электронный кошелек;4840,25;Суббота
ORD000281;CUST0473;2024-02-10;Спорт;Йога-мат;1511;2;0;Новосибирск;Наличные;3022,0;Суббота
ORD000006;CUST0283;2024-02-10;Красота;Маска для волос;2216;1;0;Москва;Карта;2216,0;Суббота
ORD000072;CUST0241;2024-02-11;Электроника;Смарт-часы;25591;5;0;Казань;Карта;127955,0;Воскресенье
ORD000034;CUST0436;2024-02-11;Одежда;Джинсы;3700;2;0;Москва;Электронный кошелек;7400,0;Воскресенье
ORD000263;CUST0270;2024-02-11;Спорт;Велосипед;3928;1;0;Москва;Электронный кошелек;3928,0;Воскресенье
ORD000147;CUST0165;2024-02-11;Дом и сад;Чайник;2218;1;5;Нижний Новгород;Электронный кошелек;2107,1;Воскресенье
ORD000854;CUST0168;2024-02-12;Спорт;Беговые кроссовки;3258;1;5;Казань;Наличные;3095,1;Понедельник
ORD000187;CUST0391;2024-02-12;Одежда;Куртка зимняя;2909;2;10;Москва;Карта;5236,2;Понедельник
ORD000989;CUST0099;2024-02-13;Дом и сад;Кофеварка;6277;1;0;Санкт-Петербург;Наличные;6277,0;Вторник
ORD000158;CUST0453;2024-02-13;Электроника;MacBook Air;19861;1;5;Новосибирск;Наличные;18867,95;Вторник
ORD000361;CUST0128;2024-02-13;Дом и сад;Кофеварка;6360;2;5;Казань;Карта;12084,0;Вторник
ORD000857;CUST0062;2024-02-13;Одежда;Свитер;2633;2;0;Санкт-Петербург;Карта;5266,0;Вторник
ORD000151;CUST0048;2024-02-13;Спорт;Беговые кроссовки;4014;1;0;Москва;Электронный кошелек;4014,0;Вторник
ORD000308;CUST0096;2024-02-14;Спорт;Гантели;4137;2;0;Москва;Наличные;8274,0;Среда
ORD000002;CUST0303;2024-02-14;Спорт;Беговые кроссовки;2513;1;0;Москва;Электронный кошелек;2513,0;Среда
ORD000830;CUST0004;2024-02-15;Спорт;Йога-мат;1897;2;5;Санкт-Петербург;Карта;3604,2999999999997;Четверг
ORD000565;CUST0033;2024-02-15;Красота;Шампунь;738;2;5;Екатеринбург;Электронный кошелек;1402,2;Четверг
ORD000105;CUST0162;2024-02-15;Красота;Помада;923;3;10;Москва;Электронный кошелек;2492,1;Четверг
ORD000459;CUST0067;2024-02-15;Дом и сад;Утюг;2700;1;15;Екатеринбург;Карта;2295,0;Четверг
ORD000437;CUST0097;2024-02-15;Спорт;Футбольный мяч;3744;1;0;Нижний Новгород;Наличные;3744,0;Четверг
ORD000915;CUST0163;2024-02-15;Книги;Анна Каренина;432;1;0;Санкт-Петербург;Наличные;432,0;Четверг
ORD000888;CUST0204;2024-02-16;Книги;Алгоритмы;842;2;0;Москва;Электронный кошелек;1684,0;Пятница
ORD000896;CUST0480;2024-02-16;Одежда;Куртка зимняя;2479;3;15;Казань;Наличные;6321,45;Пятница
ORD000172;CUST0315;2024-02-16;Дом и сад;Кофеварка;5584;2;15;Казань;Карта;9492,8;Пятница
ORD000101;CUST0118;2024-02-16;Книги;Анна Каренина;474;1;5;Новосибирск;Электронный кошелек;450,29999999999995;Пятница
ORD000220;CUST0258;2024-02-17;Книги;Алгоритмы;1055;2;0;Нижний Новгород;Электронный кошелек;2110,0;Суббота
ORD000058;CUST0420;2024-02-17;Одежда;Кроссовки;3545;3;0;Москва;Карта;10635,0;Суббота
ORD000476;CUST0191;2024-02-17;Красота;Шампунь;615;1;0;Екатеринбург;Электронный кошелек;615,0;Суббота
ORD000309;CUST0306;2024-02-17;Дом и сад;Пылесос;4873;1;0;Москва;Электронный кошелек;4873,0;Суббота
ORD000297;CUST0208;2024-02-17;Спорт;Гантели;4126;1;0;Санкт-Петербург;Карта;4126,0;Суббота
ORD000877;CUST0368;2024-02-17;Дом и сад;Микроволновка;5276;1;0;Нижний Новгород;Наличные;5276,0;Суббота
ORD000390;CUST0237;2024-02-18;Электроника;MacBook Air;19322;1;5;Санкт-Петербург;Карта;18355,899999999998;Воскресенье
ORD000233;CUST0202;2024-02-19;Красота;Помада;1242;1;0;Нижний Новгород;Электронный кошелек;1242,0;Понедельник
ORD000863;CUST0390;2024-02-19;Электроника;Смарт-часы;28774;2;5;Санкт-Петербург;Наличные;54670,6;Понедельник
ORD000851;CUST0474;2024-02-20;Одежда;Платье;3874;1;5;Санкт-Петербург;Наличные;3680,2999999999997;Вторник
ORD000286;CUST0412;2024-02-20;Книги;Война и мир;578;1;0;Новосибирск;Наличные;578,0;Вторник
ORD000976;CUST0076;2024-02-20;Книги;Война и мир;599;1;0;Санкт-Петербург;Наличные;599,0;Вторник
ORD000557;CUST0218;2024-02-20;Одежда;Куртка зимняя;2959;1;10;Новосибирск;Электронный кошелек;2663,1;Вторник
ORD000418;CUST0170;2024-02-21;Одежда;Рубашка;2364;2;15;Нижний Новгород;Наличные;4018,7999999999997;Среда
ORD000583;CUST0167;2024-02-21;Красота;Маска для волос;2191;1;0;Новосибирск;Наличные;2191,0;Среда
ORD000473;CUST0464;2024-02-21;Красота;Шампунь;779;5;0;Москва;Карта;3895,0;Среда
ORD000503;CUST0316;2024-02-22;Книги;Анна Каренина;549;2;0;Санкт-Петербург;Электронный кошелек;1098,0;Четверг
ORD000174;CUST0416;2024-02-22;Красота;Крем для лица;1504;1;0;Екатеринбург;Наличные;1504,0;Четверг
ORD000462;CUST0197;2024-02-22;Дом и сад;Кофеварка;5302;1;0;Новосибирск;Наличные;5302,0;Четверг
ORD000330;CUST0410;2024-02-22;Дом и сад;Чайник;2758;1;0;Казань;Наличные;2758,0;Четверг
ORD000787;CUST0380;2024-02-23;Электроника;Samsung Galaxy;22555;2;0;Москва;Карта;45110,0;Пятница
ORD000469;CUST0262;2024-02-23;Книги;Анна Каренина;347;1;0;Санкт-Петербург;Электронный кошелек;347,0;Пятница
ORD000079;CUST0222;2024-02-24;Красота;Духи;2249;1;5;Казань;Наличные;2136,5499999999997;Суббота
ORD000715;CUST0197;2024-02-24;Электроника;iPhone 15;33456;1;0;Нижний Новгород;Электронный кошелек;33456,0;Суббота
ORD000852;CUST0093;2024-02-24;Красота;Духи;1909;2;0;Новосибирск;Карта;3818,0;Суббота
ORD000935;CUST0262;2024-02-25;Спорт;Гантели;3027;2;0;Новосибирск;Наличные;6054,0;Воскресенье
ORD000154;CUST0180;2024-02-25;Дом и сад;Пылесос;3076;1;0;Екатеринбург;Электронный кошелек;3076,0;Воскресенье
ORD000534;CUST0090;2024-02-25;Книги;Анна Каренина;337;1;10;Нижний Новгород;Карта;303,3;Воскресенье
ORD000659;CUST0010;2024-02-25;Красота;Духи;1677;1;20;Москва;Наличные;1341,6000000000001;Воскресенье
ORD000327;CUST0347;2024-02-25;Одежда;Кроссовки;3385;1;0;Нижний Новгород;Наличные;3385,0;Воскресенье
ORD000472;CUST0428;2024-02-26;Дом и сад;Утюг;1974;1;0;Казань;Электронный кошелек;1974,0;Понедельник
ORD000789;CUST0167;2024-02-26;Одежда;Джинсы;2948;1;0;Санкт-Петербург;Карта;2948,0;Понедельник
ORD000160;CUST0146;2024-02-26;Книги;Анна Каренина;446;2;0;Екатеринбург;Электронный кошелек;892,0;Понедельник
ORD000957;CUST0500;2024-02-26;Электроника;Samsung Galaxy;29842;3;0;Нижний Новгород;Карта;89526,0;Понедельник
ORD000739;CUST0298;2024-02-27;Спорт;Беговые кроссовки;2748;2;20;Новосибирск;Наличные;4396,8;Вторник
ORD000001;CUST0013;2024-02-27;Книги;Гарри Поттер;508;1;0;Казань;Электронный кошелек;508,0;Вторник
ORD000822;CUST0375;2024-02-27;Спорт;Беговые кроссовки;2743;2;0;Екатеринбург;Электронный кошелек;5486,0;Вторник
ORD000091;CUST0421;2024-02-28;Электроника;AirPods;24876;1;5;Санкт-Петербург;Карта;23632,199999999997;Среда
ORD000547;CUST0247;2024-02-28;Книги;Война и мир;494;2;5;Екатеринбург;Карта;938,5999999999999;Среда
ORD000075;CUST0399;2024-02-28;Одежда;Куртка зимняя;2295;1;0;Казань;Наличные;2295,0;Среда
ORD000074;CUST0289;2024-02-28;Одежда;Свитер;3135;3;0;Нижний Новгород;Электронный кошелек;9405,0;Среда
ORD000167;CUST0272;2024-02-28;Дом и сад;Чайник;3731;1;5;Казань;Карта;3544,45;Среда
ORD000528;CUST0093;2024-02-28;Книги;Анна Каренина;545;3;15;Нижний Новгород;Наличные;1389,75;Среда
ORD000467;CUST0214;2024-02-29;Спорт;Гантели;3097;1;5;Санкт-Петербург;Электронный кошелек;2942,1499999999996;Четверг
ORD000052;CUST0198;2024-02-29;Дом и сад;Чайник;2559;2;0;Нижний Новгород;Электронный кошелек;5118,0;Четверг
ORD000749;CUST0027;2024-02-29;Одежда;Свитер;2630;1;5;Нижний Новгород;Карта;2498,5;Четверг
ORD000372;CUST0395;2024-03-01;Электроника;iPad;35528;1;0;Казань;Электронный кошелек;35528,0;Пятница
ORD000521;CUST0274;2024-03-01;Электроника;Смарт-часы;28304;1;5;Москва;Электронный кошелек;26888,8;Пятница
ORD000261;CUST0328;2024-03-01;Красота;Помада;1283;1;0;Санкт-Петербург;Наличные;1283,0;Пятница
ORD000260;CUST0239;2024-03-01;Красота;Шампунь;755;2;10;Казань;Наличные;1359,0;Пятница
ORD000109;CUST0332;2024-03-01;Одежда;Свитер;3527;1;5;Екатеринбург;Наличные;3350,6499999999996;Пятница
ORD000210;CUST0135;2024-03-01;Красота;Духи;1657;2;5;Екатеринбург;Карта;3148,2999999999997;Пятница
ORD000162;CUST0004;2024-03-02;Спорт;Гантели;3222;1;5;Нижний Новгород;Электронный кошелек;3060,8999999999996;Суббота
ORD000087;CUST0381;2024-03-02;Дом и сад;Чайник;2445;2;0;Нижний Новгород;Электронный кошелек;4890,0;Суббота
ORD000777;CUST0500;2024-03-02;Книги;Анна Каренина;462;1;15;Санкт-Петербург;Карта;392,7;Суббота
ORD000023;CUST0127;2024-03-02;Одежда;Джинсы;3160;2;0;Санкт-Петербург;Карта;6320,0;Суббота
ORD000834;CUST0392;2024-03-02;Красота;Духи;2593;1;5;Нижний Новгород;Наличные;2463,35;Суббота
ORD000582;CUST0358;2024-03-02;Дом и сад;Утюг;2223;1;5;Екатеринбург;Электронный кошелек;2111,85;Суббота
ORD000861;CUST0129;2024-03-03;Спорт;Гантели;3354;4;0;Казань;Карта;13416,0;Воскресенье
ORD000895;CUST0274;2024-03-03;Одежда;Свитер;2613;4;0;Новосибирск;Наличные;10452,0;Воскресенье
ORD000757;CUST0363;2024-03-03;Электроника;iPhone 15;42485;1;5;Казань;Электронный кошелек;40360,75;Воскресенье
ORD000211;CUST0070;2024-03-03;Электроника;AirPods;20090;2;20;Казань;Наличные;32144,0;Воскресенье
ORD000614;CUST0499;2024-03-03;Книги;Алгоритмы;931;5;0;Москва;Карта;4655,0;Воскресенье
ORD000960;CUST0435;2024-03-03;Одежда;Свитер;3589;3;0;Екатеринбург;Наличные;10767,0;Воскресенье
ORD000923;CUST0202;2024-03-03;Красота;Маска для волос;2263;1;0;Москва;Карта;2263,0;Воскресенье
ORD000683;CUST0047;2024-03-04;Электроника;Смарт-часы;24241;1;0;Екатеринбург;Электронный кошелек;24241,0;Понедельник
ORD000493;CUST0396;2024-03-04;Спорт;Гантели;4380;4;0;Екатеринбург;Карта;17520,0;Понедельник
ORD000360;CUST0302;2024-03-04;Книги;Война и мир;455;1;5;Санкт-Петербург;Наличные;432,25;Понедельник
ORD000734;CUST0069;2024-03-05;Электроника;iPhone 15;38116;1;10;Казань;Наличные;34304,4;Вторник
ORD000207;CUST0035;2024-03-05;Одежда;Кроссовки;3679;1;0;Нижний Новгород;Карта;3679,0;Вторник
ORD000021;CUST0338;2024-03-06;Спорт;Велосипед;2797;2;5;Санкт-Петербург;Электронный кошелек;5314,3;Среда
ORD000530;CUST0344;2024-03-06;Книги;Алгоритмы;760;2;15;Новосибирск;Наличные;1292,0;Среда
ORD000792;CUST0017;2024-03-06;Книги;Анна Каренина;331;1;10;Екатеринбург;Наличные;297,90000000000003;Среда
ORD000721;CUST0261;2024-03-06;Электроника;AirPods;29763;2;0;Казань;Карта;59526,0;Среда
ORD000774;CUST0008;2024-03-07;Одежда;Кроссовки;2920;1;5;Екатеринбург;Электронный кошелек;2774,0;Четверг
ORD000952;CUST0089;2024-03-07;Одежда;Рубашка;2659;1;0;Екатеринбург;Наличные;2659,0;Четверг
ORD000902;CUST0434;2024-03-07;Дом и сад;Утюг;2939;1;0;Казань;Карта;2939,0;Четверг
ORD000129;CUST0047;2024-03-08;Красота;Помада;1378;1;0;Нижний Новгород;Наличные;1378,0;Пятница
ORD000843;CUST0473;2024-03-08;Электроника;AirPods;22723;1;0;Екатеринбург;Электронный кошелек;22723,0;Пятница
ORD000666;CUST0106;2024-03-08;Книги;Алгоритмы;1049;2;0;Санкт-Петербург;Наличные;2098,0;Пятница
ORD000436;CUST0154;2024-03-09;Книги;Война и мир;582;1;5;Нижний Новгород;Электронный кошелек;552,9;Суббота
ORD000062;CUST0411;2024-03-09;Спорт;Велосипед;4525;2;15;Екатеринбург;Электронный кошелек;7692,5;Суббота
ORD000270;CUST0335;2024-03-09;Красота;Крем для лица;1211;2;0;Казань;Карта;2422,0;Суббота
ORD000533;CUST0348;2024-03-09;Книги;Гарри Поттер;736;1;0;Новосибирск;Наличные;736,0;Суббота
ORD000333;CUST0161;2024-03-09;Электроника;MacBook Air;22081;1;5;Нижний Новгород;Наличные;20976,95;Суббота
ORD000314;CUST0154;2024-03-10;Красота;Маска для волос;2283;1;0;Екатеринбург;Наличные;2283,0;Воскресенье
ORD000345;CUST0493;2024-03-10;Спорт;Беговые кроссовки;4534;3;0;Санкт-Петербург;Карта;13602,0;Воскресенье
ORD000701;CUST0247;2024-03-10;Одежда;Кроссовки;3905;3;10;Екатеринбург;Наличные;10543,5;Воскресенье
ORD000735;CUST0044;2024-03-10;Одежда;Кроссовки;4734;3;10;Казань;Электронный кошелек;12781,800000000001;Воскресенье
ORD000681;CUST0202;2024-03-10;Спорт;Йога-мат;1941;1;0;Казань;Карта;1941,0;Воскресенье
ORD000128;CUST0322;2024-03-11;Электроника;Смарт-часы;27195;1;0;Нижний Новгород;Наличные;27195,0;Понедельник
ORD000664;CUST0045;2024-03-11;Книги;Война и мир;506;2;10;Казань;Карта;910,8000000000001;Понедельник
ORD000673;CUST0084;2024-03-11;Одежда;Рубашка;1798;3;0;Новосибирск;Наличные;5394,0;Понедельник
ORD000242;CUST0266;2024-03-11;Одежда;Платье;2864;2;0;Новосибирск;Карта;5728,0;Понедельник
ORD000497;CUST0212;2024-03-11;Дом и сад;Кофеварка;5276;2;10;Казань;Электронный кошелек;9496,800000000001;Понедельник
ORD000343;CUST0402;2024-03-12;Одежда;Рубашка;2958;2;0;Нижний Новгород;Электронный кошелек;5916,0;Вторник
ORD000733;CUST0097;2024-03-12;Дом и сад;Утюг;3015;1;0;Новосибирск;Электронный кошелек;3015,0;Вторник
ORD000845;CUST0353;2024-03-13;Одежда;Куртка зимняя;2326;1;0;Казань;Карта;2326,0;Среда
ORD000773;CUST0251;2024-03-13;Книги;Python для начинающих;786;4;0;Казань;Электронный кошелек;3144,0;Среда
ORD000358;CUST0036;2024-03-14;Дом и сад;Кофеварка;4231;2;0;Казань;Карта;8462,0;Четверг
ORD000829;CUST0107;2024-03-14;Красота;Духи;2586;2;0;Нижний Новгород;Наличные;5172,0;Четверг
ORD000979;CUST0259;2024-03-14;Одежда;Свитер;3155;1;5;Нижний Новгород;Карта;2997,25;Четверг
ORD000012;CUST0136;2024-03-14;Одежда;Рубашка;2867;2;5;Екатеринбург;Электронный кошелек;5447,3;Четверг
ORD000346;CUST0365;2024-03-15;Красота;Шампунь;926;2;0;Нижний Новгород;Электронный кошелек;1852,0;Пятница
ORD000311;CUST0033;2024-03-15;Одежда;Свитер;2424;1;5;Новосибирск;Наличные;2302,7999999999997;Пятница
ORD000121;CUST0126;2024-03-15;Дом и сад;Утюг;2599;3;0;Москва;Электронный кошелек;7797,0;Пятница
ORD000427;CUST0062;2024-03-16;Спорт;Футбольный мяч;3808;1;0;Санкт-Петербург;Карта;3808,0;Суббота
ORD000431;CUST0291;2024-03-16;Дом и сад;Кофеварка;6930;4;15;Нижний Новгород;Карта;23562,0;Суббота
ORD000098;CUST0466;2024-03-17;Красота;Шампунь;594;1;0;Казань;Электронный кошелек;594,0;Воскресенье
ORD000395;CUST0018;2024-03-17;Дом и сад;Кофеварка;6421;2;0;Нижний Новгород;Наличные;12842,0;Воскресенье
ORD000177;CUST0171;2024-03-17;Электроника;Samsung Galaxy;30749;3;0;Казань;Электронный кошелек;92247,0;Воскресенье
ORD000044;CUST0280;2024-03-17;Электроника;iPad;31485;1;0;Новосибирск;Наличные;31485,0;Воскресенье
ORD000685;CUST0084;2024-03-17;Одежда;Рубашка;2904;1;0;Казань;Наличные;2904,0;Воскресенье
ORD000728;CUST0232;2024-03-17;Дом и сад;Пылесос;3736;2;0;Казань;Наличные;7472,0;Воскресенье
ORD000235;CUST0311;2024-03-17;Дом и сад;Чайник;2690;2;0;Нижний Новгород;Электронный кошелек;5380,0;Воскресенье
ORD000537;CUST0188;2024-03-17;Спорт;Футбольный мяч;3705;2;10;Санкт-Петербург;Наличные;6669,0;Воскресенье
ORD000956;CUST0437;2024-03-18;Книги;Анна Каренина;478;1;0;Екатеринбург;Наличные;478,0;Понедельник
ORD000359;CUST0471;2024-03-18;Спорт;Велосипед;3892;3;0;Москва;Карта;11676,0;Понедельник
ORD000424;CUST0386;2024-03-18;Книги;Python для начинающих;601;1;0;Нижний Новгород;Карта;601,0;Понедельник
ORD000115;CUST0254;2024-03-18;Электроника;MacBook Air;25034;1;10;Екатеринбург;Карта;22530,600000000002;Понедельник
ORD000965;CUST0463;2024-03-18;Дом и сад;Микроволновка;6433;5;5;Нижний Новгород;Наличные;30556,75;Понедельник
ORD000456;CUST0071;2024-03-18;Одежда;Куртка зимняя;2837;2;15;Екатеринбург;Карта;4822,9;Понедельник
ORD000817;CUST0083;2024-03-19;Одежда;Джинсы;2536;1;0;Новосибирск;Наличные;2536,0;Вторник
ORD000367;CUST0143;2024-03-19;Электроника;iPad;22422;3;20;Санкт-Петербург;Электронный кошелек;53812,8;Вторник
ORD000046;CUST0474;2024-03-20;Одежда;Рубашка;3214;3;10;Москва;Карта;8677,800000000001;Среда
ORD000641;CUST0049;2024-03-20;Электроника;AirPods;22835;1;0;Нижний Новгород;Карта;22835,0;Среда
ORD000509;CUST0021;2024-03-20;Одежда;Куртка зимняя;3174;3;5;Казань;Наличные;9045,9;Среда
ORD000041;CUST0140;2024-03-20;Красота;Маска для волос;1487;1;5;Новосибирск;Электронный кошелек;1412,6499999999999;Среда
ORD000386;CUST0055;2024-03-20;Одежда;Свитер;2743;1;0;Санкт-Петербург;Наличные;2743,0;Среда
ORD000039;CUST0225;2024-03-21;Дом и сад;Пылесос;4268;5;5;Москва;Электронный кошелек;20273,0;Четверг
ORD000095;CUST0123;2024-03-21;Одежда;Платье;2384;1;0;Нижний Новгород;Наличные;2384,0;Четверг
ORD000780;CUST0009;2024-03-21;Спорт;Беговые кроссовки;2463;1;0;Казань;Электронный кошелек;2463,0;Четверг
ORD000014;CUST0406;2024-03-22;Книги;Война и мир;529;1;0;Екатеринбург;Электронный кошелек;529,0;Пятница
ORD000616;CUST0323;2024-03-22;Книги;Python для начинающих;917;2;0;Екатеринбург;Электронный кошелек;1834,0;Пятница
ORD000594;CUST0176;2024-03-23;Одежда;Куртка зимняя;2670;1;0;Казань;Наличные;2670,0;Суббота
ORD000442;CUST0429;2024-03-24;Красота;Крем для лица;1307;1;0;Нижний Новгород;Карта;1307,0;Воскресенье
ORD000589;CUST0031;2024-03-24;Одежда;Куртка зимняя;2958;2;0;Новосибирск;Наличные;5916,0;Воскресенье
ORD000819;CUST0274;2024-03-24;Красота;Крем для лица;1878;1;0;Санкт-Петербург;Наличные;1878,0;Воскресенье
ORD000415;CUST0232;2024-03-24;Электроника;iPhone 15;30693;1;15;Москва;Наличные;26089,05;Воскресенье
ORD000988;CUST0363;2024-03-25;Электроника;Samsung Galaxy;30186;2;0;Казань;Карта;60372,0;Понедельник
ORD000031;CUST0195;2024-03-25;Электроника;AirPods;21478;2;0;Екатеринбург;Электронный кошелек;42956,0;Понедельник
ORD000779;CUST0225;2024-03-25;Одежда;Платье;2318;1;10;Нижний Новгород;Наличные;2086,2000000000003;Понедельник
ORD000069;CUST0431;2024-03-25;Спорт;Футбольный мяч;3865;2;15;Нижний Новгород;Электронный кошелек;6570,5;Понедельник
ORD000810;CUST0142;2024-03-25;Электроника;Смарт-часы;19719;1;0;Казань;Карта;19719,0;Понедельник
ORD000539;CUST0388;2024-03-25;Дом и сад;Чайник;2903;1;15;Казань;Карта;2467,5499999999997;Понедельник
ORD000839;CUST0279;2024-03-26;Красота;Помада;1435;2;0;Казань;Электронный кошелек;2870,0;Вторник
ORD000593;CUST0328;2024-03-26;Красота;Духи;2158;2;10;Москва;Карта;3884,4;Вторник
ORD000597;CUST0204;2024-03-26;Электроника;iPhone 15;25840;3;0;Москва;Наличные;77520,0;Вторник
ORD000120;CUST0356;2024-03-26;Красота;Крем для лица;1091;3;0;Новосибирск;Наличные;3273,0;Вторник
ORD000344;CUST0166;2024-03-27;Книги;Гарри Поттер;524;1;10;Казань;Карта;471,6;Среда
ORD000532;CUST0003;2024-03-27;Красота;Шампунь;937;2;5;Новосибирск;Наличные;1780,3;Среда
ORD000775;CUST0428;2024-03-28;Дом и сад;Микроволновка;5953;1;0;Нижний Новгород;Карта;5953,0;Четверг
ORD000009;CUST0274;2024-03-28;Книги;Алгоритмы;798;1;20;Казань;Электронный кошелек;638,4000000000001;Четверг
ORD000794;CUST0296;2024-03-28;Дом и сад;Чайник;2256;3;0;Санкт-Петербург;Электронный кошелек;6768,0;Четверг
ORD000416;CUST0455;2024-03-28;Спорт;Футбольный мяч;3418;2;10;Москва;Наличные;6152,400000000001;Четверг
ORD000793;CUST0390;2024-03-28;Красота;Шампунь;985;2;5;Казань;Электронный кошелек;1871,5;Четверг
ORD000778;CUST0172;2024-03-29;Электроника;iPhone 15;30252;2;0;Новосибирск;Электронный кошелек;60504,0;Пятница
ORD000495;CUST0375;2024-03-29;Одежда;Джинсы;3264;2;10;Нижний Новгород;Наличные;5875,2;Пятница
ORD000335;CUST0285;2024-03-29;Одежда;Свитер;2445;1;10;Нижний Новгород;Карта;2200,5;Пятница
ORD000401;CUST0091;2024-03-29;Одежда;Платье;2851;2;0;Нижний Новгород;Карта;5702,0;Пятница
ORD000543;CUST0193;2024-03-30;Книги;Война и мир;460;2;10;Нижний Новгород;Наличные;828,0;Суббота
ORD000370;CUST0062;2024-03-30;Электроника;Смарт-часы;19558;1;0;Новосибирск;Электронный кошелек;19558,0;Суббота
ORD000954;CUST0424;2024-03-30;Дом и сад;Микроволновка;5920;1;0;Санкт-Петербург;Карта;5920,0;Суббота
ORD000474;CUST0448;2024-03-30;Электроника;iPad;27484;1;0;Москва;Карта;27484,0;Суббота
ORD000213;CUST0407;2024-03-30;Красота;Маска для волос;1502;5;5;Санкт-Петербург;Наличные;7134,5;Суббота
ORD000277;CUST0321;2024-03-30;Книги;Война и мир;517;1;0;Казань;Электронный кошелек;517,0;Суббота
ORD000257;CUST0313;2024-03-30;Книги;Война и мир;598;2;0;Казань;Карта;1196,0;Суббота
ORD000866;CUST0286;2024-03-31;Книги;Гарри Поттер;738;1;0;Новосибирск;Электронный кошелек;738,0;Воскресенье
ORD000169;CUST0488;2024-03-31;Книги;Война и мир;489;2;0;Казань;Электронный кошелек;978,0;Воскресенье
ORD000691;CUST0495;2024-03-31;Спорт;Велосипед;3206;1;5;Новосибирск;Наличные;3045,7;Воскресенье
ORD000634;CUST0286;2024-04-01;Книги;Анна Каренина;427;1;5;Новосибирск;Электронный кошелек;405,65;Понедельник
ORD000499;CUST0258;2024-04-01;Дом и сад;Пылесос;4505;3;0;Нижний Новгород;Электронный кошелек;13515,0;Понедельник
ORD000182;CUST0426;2024-04-02;Книги;Анна Каренина;533;1;0;Екатеринбург;Наличные;533,0;Вторник
ORD000452;CUST0151;2024-04-02;Электроника;AirPods;19419;1;10;Санкт-Петербург;Электронный кошелек;17477,100000000002;Вторник
ORD000922;CUST0214;2024-04-02;Электроника;MacBook Air;29024;1;10;Москва;Наличные;26121,600000000002;Вторник
ORD000719;CUST0359;2024-04-03;Книги;Гарри Поттер;704;3;0;Москва;Карта;2112,0;Среда
ORD000904;CUST0202;2024-04-03;Спорт;Велосипед;2921;4;15;Казань;Электронный кошелек;9931,4;Среда
ORD000217;CUST0394;2024-04-03;Одежда;Свитер;2805;3;10;Нижний Новгород;Карта;7573,5;Среда
ORD000758;CUST0459;2024-04-04;Электроника;Смарт-часы;20264;1;5;Москва;Электронный кошелек;19250,8;Четверг
ORD000801;CUST0405;2024-04-04;Красота;Духи;2245;1;5;Екатеринбург;Электронный кошелек;2132,75;Четверг
ORD000818;CUST0106;2024-04-04;Дом и сад;Микроволновка;5497;5;0;Екатеринбург;Электронный кошелек;27485,0;Четверг
ORD000258;CUST0072;2024-04-04;Спорт;Йога-мат;2523;1;0;Екатеринбург;Наличные;2523,0;Четверг
ORD000423;CUST0229;2024-04-05;Электроника;iPad;28915;1;10;Нижний Новгород;Карта;26023,5;Пятница
ORD000831;CUST0427;2024-04-05;Спорт;Йога-мат;2065;1;10;Нижний Новгород;Наличные;1858,5;Пятница
ORD000202;CUST0255;2024-04-05;Книги;Война и мир;460;3;0;Москва;Электронный кошелек;1380,0;Пятница
ORD000546;CUST0081;2024-04-05;Красота;Маска для волос;2035;1;0;Новосибирск;Электронный кошелек;2035,0;Пятница
ORD000737;CUST0218;2024-04-05;Дом и сад;Микроволновка;5234;3;0;Нижний Новгород;Наличные;15702,0;Пятница
ORD000809;CUST0457;2024-04-06;Спорт;Беговые кроссовки;2618;3;0;Москва;Карта;7854,0;Суббота
ORD000909;CUST0215;2024-04-06;Одежда;Свитер;3291;1;20;Санкт-Петербург;Электронный кошелек;2632,8;Суббота
ORD000942;CUST0440;2024-04-06;Электроника;MacBook Air;24717;1;0;Казань;Электронный кошелек;24717,0;Суббота
ORD000464;CUST0085;2024-04-06;Спорт;Беговые кроссовки;2930;2;0;Казань;Карта;5860,0;Суббота
ORD000943;CUST0045;2024-04-07;Красота;Духи;1578;1;0;Санкт-Петербург;Электронный кошелек;1578,0;Воскресенье
ORD000492;CUST0367;2024-04-07;Красота;Крем для лица;1731;1;5;Казань;Электронный кошелек;1644,4499999999998;Воскресенье
ORD000049;CUST0205;2024-04-08;Красота;Помада;1462;4;0;Казань;Электронный кошелек;5848,0;Понедельник
ORD000516;CUST0165;2024-04-08;Дом и сад;Микроволновка;6345;1;15;Нижний Новгород;Электронный кошелек;5393,25;Понедельник
ORD000622;CUST0011;2024-04-08;Книги;Война и мир;457;1;10;Екатеринбург;Электронный кошелек;411,3;Понедельник
ORD000785;CUST0058;2024-04-09;Одежда;Кроссовки;4825;4;0;Санкт-Петербург;Электронный кошелек;19300,0;Вторник
ORD000754;CUST0267;2024-04-09;Красота;Шампунь;710;1;0;Москва;Карта;710,0;Вторник
ORD000053;CUST0187;2024-04-10;Спорт;Беговые кроссовки;4443;4;5;Казань;Карта;16883,399999999998;Среда
ORD000125;CUST0197;2024-04-11;Спорт;Беговые кроссовки;2948;2;0;Казань;Наличные;5896,0;Четверг
ORD000003;CUST0367;2024-04-11;Книги;Анна Каренина;428;1;0;Москва;Карта;428,0;Четверг
ORD000329;CUST0231;2024-04-11;Дом и сад;Утюг;2333;2;0;Казань;Карта;4666,0;Четверг
ORD000018;CUST0079;2024-04-11;Красота;Шампунь;819;3;0;Москва;Электронный кошелек;2457,0;Четверг
ORD000391;CUST0422;2024-04-11;Спорт;Йога-мат;2224;4;0;Нижний Новгород;Наличные;8896,0;Четверг
ORD000440;CUST0141;2024-04-11;Красота;Духи;2006;2;0;Москва;Карта;4012,0;Четверг
ORD000591;CUST0296;2024-04-11;Дом и сад;Кофеварка;4828;3;0;Казань;Электронный кошелек;14484,0;Четверг
ORD000470;CUST0399;2024-04-12;Красота;Маска для волос;2311;1;0;Санкт-Петербург;Карта;2311,0;Пятница
ORD000022;CUST0366;2024-04-12;Красота;Духи;2594;2;0;Нижний Новгород;Наличные;5188,0;Пятница
ORD000553;CUST0268;2024-04-13;Дом и сад;Утюг;2990;2;0;Нижний Новгород;Электронный кошелек;5980,0;Суббота
ORD000248;CUST0424;2024-04-13;Дом и сад;Пылесос;5039;2;0;Нижний Новгород;Электронный кошелек;10078,0;Суббота
ORD000996;CUST0123;2024-04-13;Дом и сад;Кофеварка;5051;2;0;Москва;Наличные;10102,0;Суббота
ORD000241;CUST0211;2024-04-14;Дом и сад;Кофеварка;7514;3;5;Москва;Электронный кошелек;21414,899999999998;Воскресенье
ORD000107;CUST0137;2024-04-14;Дом и сад;Чайник;3770;1;5;Москва;Карта;3581,5;Воскресенье
ORD000141;CUST0036;2024-04-15;Дом и сад;Чайник;3155;3;0;Санкт-Петербург;Электронный кошелек;9465,0;Понедельник
ORD000265;CUST0368;2024-04-15;Дом и сад;Утюг;1886;2;10;Екатеринбург;Карта;3394,8;Понедельник
ORD000848;CUST0301;2024-04-15;Одежда;Рубашка;2756;1;0;Казань;Наличные;2756,0;Понедельник
ORD000518;CUST0276;2024-04-15;Книги;Война и мир;544;4;5;Санкт-Петербург;Карта;2067,2;Понедельник
ORD000689;CUST0026;2024-04-16;Одежда;Рубашка;1833;1;0;Москва;Электронный кошелек;1833,0;Вторник
ORD000283;CUST0446;2024-04-16;Красота;Помада;1529;1;15;Казань;Карта;1299,6499999999999;Вторник
ORD000803;CUST0404;2024-04-16;Книги;Python для начинающих;858;1;15;Нижний Новгород;Электронный кошелек;729,3;Вторник
ORD000245;CUST0354;2024-04-16;Книги;Война и мир;445;1;15;Казань;Наличные;378,25;Вторник
ORD000928;CUST0084;2024-04-16;Спорт;Гантели;3484;3;5;Москва;Наличные;9929,4;Вторник
ORD000806;CUST0386;2024-04-17;Книги;Алгоритмы;892;3;0;Екатеринбург;Наличные;2676,0;Среда
ORD000711;CUST0165;2024-04-17;Одежда;Рубашка;2180;2;5;Казань;Карта;4142,0;Среда
ORD000342;CUST0416;2024-04-17;Книги;Анна Каренина;501;3;5;Екатеринбург;Карта;1427,85;Среда
ORD000071;CUST0233;2024-04-18;Красота;Помада;1388;1;5;Екатеринбург;Наличные;1318,6;Четверг
ORD000011;CUST0468;2024-04-18;Дом и сад;Пылесос;3310;1;10;Казань;Наличные;2979,0;Четверг
ORD000140;CUST0329;2024-04-18;Книги;Анна Каренина;577;1;0;Санкт-Петербург;Электронный кошелек;577,0;Четверг
ORD000980;CUST0234;2024-04-18;Спорт;Беговые кроссовки;4018;4;0;Москва;Электронный кошелек;16072,0;Четверг
ORD000926;CUST0442;2024-04-18;Электроника;Смарт-часы;21744;2;5;Нижний Новгород;Электронный кошелек;41313,6;Четверг
ORD000656;CUST0105;2024-04-18;Дом и сад;Кофеварка;6901;2;5;Санкт-Петербург;Электронный кошелек;13111,9;Четверг
ORD000640;CUST0439;2024-04-19;Красота;Крем для лица;1744;4;10;Нижний Новгород;Электронный кошелек;6278,400000000001;Пятница
ORD000977;CUST0229;2024-04-19;Электроника;iPad;33183;1;0;Екатеринбург;Наличные;33183,0;Пятница
ORD000638;CUST0193;2024-04-19;Дом и сад;Пылесос;3664;1;15;Москва;Электронный кошелек;3114,4;Пятница
ORD000066;CUST0033;2024-04-19;Спорт;Гантели;3594;1;0;Екатеринбург;Наличные;3594,0;Пятница
ORD000038;CUST0260;2024-04-19;Красота;Шампунь;1008;3;10;Новосибирск;Наличные;2721,6;Пятница
ORD000229;CUST0299;2024-04-20;Красота;Крем для лица;1095;1;10;Казань;Электронный кошелек;985,5;Суббота
ORD000149;CUST0221;2024-04-20;Спорт;Футбольный мяч;2845;3;0;Казань;Карта;8535,0;Суббота
ORD000706;CUST0269;2024-04-20;Красота;Шампунь;614;3;5;Москва;Наличные;1749,8999999999999;Суббота
ORD000498;CUST0103;2024-04-21;Одежда;Платье;3612;2;15;Санкт-Петербург;Электронный кошелек;6140,4;Воскресенье
ORD000068;CUST0250;2024-04-22;Одежда;Куртка зимняя;2885;1;0;Казань;Наличные;2885,0;Понедельник
ORD000823;CUST0229;2024-04-22;Красота;Крем для лица;1344;2;0;Нижний Новгород;Карта;2688,0;Понедельник
ORD000061;CUST0091;2024-04-22;Книги;Анна Каренина;440;2;15;Москва;Наличные;748,0;Понедельник
ORD000010;CUST0351;2024-04-22;Красота;Крем для лица;1256;1;0;Новосибирск;Карта;1256,0;Понедельник
ORD000443;CUST0332;2024-04-23;Одежда;Кроссовки;3296;2;0;Казань;Карта;6592,0;Вторник
ORD000451;CUST0352;2024-04-23;Дом и сад;Утюг;3110;2;0;Санкт-Петербург;Электронный кошелек;6220,0;Вторник
ORD000323;CUST0229;2024-04-23;Красота;Духи;1956;2;5;Санкт-Петербург;Наличные;3716,3999999999996;Вторник
ORD000048;CUST0103;2024-04-23;Спорт;Йога-мат;1766;3;0;Москва;Электронный кошелек;5298,0;Вторник
ORD000647;CUST0079;2024-04-23;Электроника;Смарт-часы;28474;1;0;Нижний Новгород;Электронный кошелек;28474,0;Вторник
ORD000674;CUST0381;2024-04-23;Книги;Алгоритмы;1155;1;15;Екатеринбург;Электронный кошелек;981,75;Вторник
ORD000481;CUST0490;2024-04-24;Книги;Гарри Поттер;607;2;5;Екатеринбург;Электронный кошелек;1153,3;Среда
ORD000488;CUST0433;2024-04-24;Спорт;Йога-мат;2072;2;0;Казань;Наличные;4144,0;Среда
ORD000408;CUST0341;2024-04-24;Дом и сад;Чайник;2781;2;0;Санкт-Петербург;Электронный кошелек;5562,0;Среда
ORD000955;CUST0250;2024-04-24;Красота;Помада;1405;3;5;Нижний Новгород;Наличные;4004,25;Среда
ORD000855;CUST0284;2024-04-25;Спорт;Йога-мат;2582;1;10;Екатеринбург;Электронный кошелек;2323,8;Четверг
ORD000007;CUST0396;2024-04-26;Красота;Крем для лица;1820;3;0;Екатеринбург;Электронный кошелек;5460,0;Пятница
ORD000520;CUST0467;2024-04-26;Красота;Духи;1866;2;0;Москва;Наличные;3732,0;Пятница
ORD000578;CUST0104;2024-04-27;Одежда;Платье;2924;3;0;Москва;Электронный кошелек;8772,0;Суббота
ORD000299;CUST0109;2024-04-27;Книги;Анна Каренина;443;1;0;Новосибирск;Электронный кошелек;443,0;Суббота
ORD000575;CUST0410;2024-04-27;Красота;Духи;2547;2;0;Новосибирск;Карта;5094,0;Суббота
ORD000599;CUST0127;2024-04-27;Книги;Гарри Поттер;580;1;0;Санкт-Петербург;Карта;580,0;Суббота
ORD000556;CUST0481;2024-04-27;Спорт;Гантели;3641;3;15;Казань;Электронный кошелек;9284,55;Суббота
ORD000905;CUST0465;2024-04-27;Электроника;AirPods;20474;2;0;Екатеринбург;Электронный кошелек;40948,0;Суббота
ORD000947;CUST0366;2024-04-28;Электроника;Samsung Galaxy;19920;1;0;Новосибирск;Электронный кошелек;19920,0;Воскресенье
ORD000568;CUST0315;2024-04-28;Одежда;Кроссовки;2887;1;0;Санкт-Петербург;Карта;2887,0;Воскресенье
ORD000671;CUST0306;2024-04-28;Одежда;Рубашка;2781;1;5;Екатеринбург;Карта;2641,95;Воскресенье
ORD000252;CUST0274;2024-04-28;Книги;Python для начинающих;998;1;10;Санкт-Петербург;Карта;898,2;Воскресенье
ORD000134;CUST0242;2024-04-29;Электроника;Samsung Galaxy;34455;1;15;Санкт-Петербург;Электронный кошелек;29286,75;Понедельник
ORD000642;CUST0132;2024-04-29;Красота;Крем для лица;1563;2;0;Москва;Электронный кошелек;3126,0;Понедельник
ORD000974;CUST0180;2024-04-29;Красота;Помада;1320;3;0;Санкт-Петербург;Электронный кошелек;3960,0;Понедельник
ORD000426;CUST0244;2024-04-30;Красота;Крем для лица;1405;3;0;Нижний Новгород;Электронный кошелек;4215,0;Вторник
ORD000168;CUST0053;2024-04-30;Одежда;Куртка зимняя;2455;2;5;Казань;Карта;4664,5;Вторник
ORD000788;CUST0370;2024-04-30;Спорт;Велосипед;3667;1;5;Новосибирск;Карта;3483,6499999999996;Вторник
ORD000953;CUST0108;2024-04-30;Дом и сад;Микроволновка;6498;1;0;Казань;Карта;6498,0;Вторник
ORD000183;CUST0497;2024-05-01;Спорт;Велосипед;3048;2;0;Нижний Новгород;Карта;6096,0;Среда
ORD000748;CUST0339;2024-05-01;Спорт;Футбольный мяч;2480;2;0;Казань;Наличные;4960,0;Среда
ORD000025;CUST0143;2024-05-01;Книги;Война и мир;414;1;15;Нижний Новгород;Электронный кошелек;351,9;Среда
ORD000249;CUST0125;2024-05-02;Электроника;Смарт-часы;31078;1;0;Москва;Наличные;31078,0;Четверг
ORD000108;CUST0364;2024-05-02;Одежда;Куртка зимняя;3092;2;0;Москва;Наличные;6184,0;Четверг
ORD000626;CUST0165;2024-05-02;Книги;Python для начинающих;876;2;0;Нижний Новгород;Электронный кошелек;1752,0;Четверг
ORD000770;CUST0251;2024-05-02;Спорт;Беговые кроссовки;4115;2;0;Екатеринбург;Карта;8230,0;Четверг
ORD000194;CUST0293;2024-05-03;Спорт;Футбольный мяч;3296;1;20;Москва;Электронный кошелек;2636,8;Пятница
ORD000548;CUST0023;2024-05-04;Одежда;Платье;3377;1;0;Нижний Новгород;Карта;3377,0;Суббота
ORD000085;CUST0157;2024-05-04;Книги;Анна Каренина;415;2;0;Казань;Электронный кошелек;830,0;Суббота
ORD000310;CUST0293;2024-05-04;Дом и сад;Чайник;3334;1;0;Новосибирск;Наличные;3334,0;Суббота
ORD000240;CUST0017;2024-05-04;Дом и сад;Микроволновка;4072;1;0;Екатеринбург;Электронный кошелек;4072,0;Суббота
ORD000296;CUST0357;2024-05-04;Одежда;Куртка зимняя;3331;3;5;Казань;Карта;9493,35;Суббота
ORD000991;CUST0425;2024-05-05;Книги;Анна Каренина;435;3;5;Екатеринбург;Электронный кошелек;1239,75;Воскресенье
ORD000962;CUST0078;2024-05-05;Дом и сад;Утюг;2931;1;0;Екатеринбург;Наличные;2931,0;Воскресенье
ORD001000;CUST0276;2024-05-05;Спорт;Велосипед;3399;1;0;Нижний Новгород;Наличные;3399,0;Воскресенье
ORD000380;CUST0078;2024-05-05;Электроника;AirPods;17859;1;5;Казань;Карта;16966,05;Воскресенье
ORD000369;CUST0045;2024-05-05;Спорт;Беговые кроссовки;3402;2;0;Казань;Электронный кошелек;6804,0;Воскресенье
ORD000272;CUST0236;2024-05-06;Красота;Шампунь;692;4;5;Москва;Карта;2629,6;Понедельник
ORD000312;CUST0370;2024-05-06;Книги;Война и мир;528;1;0;Новосибирск;Карта;528,0;Понедельник
ORD000651;CUST0125;2024-05-06;Электроника;iPad;34982;1;15;Москва;Карта;29734,7;Понедельник
ORD000035;CUST0297;2024-05-06;Дом и сад;Микроволновка;5358;1;0;Нижний Новгород;Наличные;5358,0;Понедельник
ORD000482;CUST0247;2024-05-07;Красота;Духи;1578;3;10;Нижний Новгород;Карта;4260,6;Вторник
ORD000573;CUST0356;2024-05-08;Спорт;Гантели;4152;3;5;Екатеринбург;Электронный кошелек;11833,199999999999;Среда
ORD000015;CUST0498;2024-05-08;Дом и сад;Микроволновка;5541;1;10;Новосибирск;Электронный кошелек;4986,900000000001;Среда
ORD000502;CUST0075;2024-05-08;Электроника;Смарт-часы;29265;1;0;Новосибирск;Наличные;29265,0;Среда
ORD000763;CUST0398;2024-05-08;Спорт;Беговые кроссовки;4333;1;5;Москва;Электронный кошелек;4116,349999999999;Среда
ORD000200;CUST0019;2024-05-09;Книги;Алгоритмы;872;3;0;Казань;Наличные;2616,0;Четверг
ORD000560;CUST0134;2024-05-09;Дом и сад;Утюг;2597;2;20;Екатеринбург;Карта;4155,2;Четверг
ORD000196;CUST0383;2024-05-09;Электроника;iPad;35193;1;5;Казань;Карта;33433,35;Четверг
ORD000295;CUST0418;2024-05-09;Красота;Помада;1412;1;15;Екатеринбург;Электронный кошелек;1200,2;Четверг
ORD000753;CUST0336;2024-05-10;Дом и сад;Утюг;2442;2;0;Казань;Электронный кошелек;4884,0;Пятница
ORD000374;CUST0396;2024-05-10;Электроника;Samsung Galaxy;30925;1;5;Москва;Карта;29378,75;Пятница
ORD000936;CUST0300;2024-05-10;Электроника;Samsung Galaxy;19873;2;0;Санкт-Петербург;Наличные;39746,0;Пятница
ORD000663;CUST0450;2024-05-11;Спорт;Беговые кроссовки;4433;4;0;Новосибирск;Наличные;17732,0;Суббота
ORD000191;CUST0111;2024-05-11;Одежда;Платье;4045;2;0;Новосибирск;Карта;8090,0;Суббота
ORD000884;CUST0352;2024-05-11;Дом и сад;Чайник;2831;1;0;Санкт-Петербург;Наличные;2831,0;Суббота
ORD000912;CUST0038;2024-05-11;Электроника;Samsung Galaxy;20587;1;0;Новосибирск;Электронный кошелек;20587,0;Суббота
ORD000993;CUST0047;2024-05-11;Электроника;iPhone 15;35877;1;0;Москва;Карта;35877,0;Суббота
ORD000630;CUST0026;2024-05-11;Красота;Шампунь;851;1;15;Санкт-Петербург;Электронный кошелек;723,35;Суббота
ORD000695;CUST0270;2024-05-12;Дом и сад;Кофеварка;5474;1;0;Нижний Новгород;Электронный кошелек;5474,0;Воскресенье
ORD000743;CUST0032;2024-05-13;Книги;Война и мир;523;2;5;Новосибирск;Электронный кошелек;993,6999999999999;Понедельник
ORD000454;CUST0300;2024-05-13;Красота;Духи;2421;1;10;Нижний Новгород;Электронный кошелек;2178,9;Понедельник
ORD000815;CUST0117;2024-05-13;Спорт;Йога-мат;2565;3;0;Новосибирск;Наличные;7695,0;Понедельник
ORD000036;CUST0105;2024-05-13;Книги;Гарри Поттер;506;1;5;Новосибирск;Наличные;480,7;Понедельник
ORD000903;CUST0089;2024-05-13;Книги;Анна Каренина;538;3;0;Екатеринбург;Наличные;1614,0;Понедельник
ORD000448;CUST0336;2024-05-13;Книги;Гарри Поттер;488;2;0;Москва;Электронный кошелек;976,0;Понедельник
ORD000535;CUST0376;2024-05-14;Книги;Python для начинающих;909;3;10;Казань;Карта;2454,3;Вторник
ORD000043;CUST0083;2024-05-14;Книги;Война и мир;516;1;0;Москва;Электронный кошелек;516,0;Вторник
ORD000244;CUST0313;2024-05-15;Спорт;Футбольный мяч;3823;1;0;Новосибирск;Наличные;3823,0;Среда
ORD000097;CUST0404;2024-05-15;Книги;Анна Каренина;494;4;0;Нижний Новгород;Карта;1976,0;Среда
ORD000051;CUST0020;2024-05-15;Электроника;Samsung Galaxy;26901;2;0;Нижний Новгород;Электронный кошелек;53802,0;Среда
ORD000222;CUST0334;2024-05-15;Одежда;Платье;3040;2;0;Казань;Электронный кошелек;6080,0;Среда
ORD000938;CUST0175;2024-05-15;Одежда;Рубашка;2028;2;5;Казань;Карта;3853,2;Среда
ORD000400;CUST0274;2024-05-16;Книги;Python для начинающих;927;4;0;Екатеринбург;Наличные;3708,0;Четверг
ORD000881;CUST0480;2024-05-17;Книги;Анна Каренина;533;3;15;Нижний Новгород;Электронный кошелек;1359,1499999999999;Пятница
ORD000347;CUST0322;2024-05-17;Спорт;Гантели;3885;2;10;Москва;Наличные;6993,0;Пятница
ORD000998;CUST0284;2024-05-17;Дом и сад;Микроволновка;4239;2;5;Новосибирск;Электронный кошелек;8054,099999999999;Пятница
ORD000577;CUST0094;2024-05-17;Книги;Алгоритмы;999;1;5;Новосибирск;Карта;949,05;Пятница
ORD000658;CUST0028;2024-05-18;Спорт;Беговые кроссовки;2590;2;5;Казань;Наличные;4921,0;Суббота
ORD000595;CUST0455;2024-05-18;Спорт;Йога-мат;2297;2;0;Санкт-Петербург;Карта;4594,0;Суббота
ORD000586;CUST0412;2024-05-18;Одежда;Платье;3070;1;0;Казань;Карта;3070,0;Суббота
ORD000712;CUST0077;2024-05-19;Одежда;Куртка зимняя;2306;4;0;Москва;Карта;9224,0;Воскресенье
ORD000065;CUST0172;2024-05-19;Красота;Маска для волос;1347;1;0;Санкт-Петербург;Электронный кошелек;1347,0;Воскресенье
ORD000608;CUST0146;2024-05-19;Книги;Анна Каренина;533;1;10;Санкт-Петербург;Карта;479,7;Воскресенье
ORD000201;CUST0064;2024-05-19;Красота;Духи;2467;2;10;Екатеринбург;Наличные;4440,6;Воскресенье
ORD000353;CUST0048;2024-05-20;Книги;Гарри Поттер;510;1;15;Санкт-Петербург;Карта;433,5;Понедельник
ORD000670;CUST0078;2024-05-20;Одежда;Джинсы;2726;1;20;Нижний Новгород;Наличные;2180,8;Понедельник
ORD000089;CUST0024;2024-05-20;Электроника;Samsung Galaxy;24508;3;5;Екатеринбург;Карта;69847,8;Понедельник
ORD000693;CUST0169;2024-05-20;Дом и сад;Утюг;2537;2;5;Москва;Электронный кошелек;4820,3;Понедельник
ORD000580;CUST0252;2024-05-20;Одежда;Платье;2778;1;0;Москва;Электронный кошелек;2778,0;Понедельник
ORD000445;CUST0217;2024-05-20;Спорт;Йога-мат;1951;1;0;Нижний Новгород;Электронный кошелек;1951,0;Понедельник
ORD000064;CUST0393;2024-05-21;Дом и сад;Утюг;2690;1;0;Новосибирск;Карта;2690,0;Вторник
ORD000569;CUST0400;2024-05-21;Спорт;Йога-мат;2204;1;0;Москва;Электронный кошелек;2204,0;Вторник
ORD000571;CUST0116;2024-05-21;Дом и сад;Чайник;2919;1;0;Санкт-Петербург;Наличные;2919,0;Вторник
ORD000824;CUST0101;2024-05-22;Электроника;iPhone 15;35807;1;5;Москва;Электронный кошелек;34016,65;Среда
ORD000745;CUST0141;2024-05-23;Красота;Крем для лица;1717;2;15;Казань;Карта;2918,9;Четверг
ORD000585;CUST0231;2024-05-23;Одежда;Платье;2492;2;0;Москва;Электронный кошелек;4984,0;Четверг
ORD000916;CUST0383;2024-05-23;Красота;Духи;1740;3;5;Новосибирск;Электронный кошелек;4959,0;Четверг
ORD000967;CUST0461;2024-05-23;Дом и сад;Кофеварка;7514;2;0;Санкт-Петербург;Электронный кошелек;15028,0;Четверг
ORD000138;CUST0017;2024-05-23;Книги;Гарри Поттер;498;1;0;Новосибирск;Карта;498,0;Четверг
ORD000447;CUST0153;2024-05-24;Книги;Python для начинающих;791;1;0;Новосибирск;Наличные;791,0;Пятница
ORD000088;CUST0052;2024-05-24;Одежда;Куртка зимняя;2509;1;0;Нижний Новгород;Карта;2509,0;Пятница
ORD000285;CUST0195;2024-05-24;Спорт;Велосипед;3812;1;0;Екатеринбург;Наличные;3812,0;Пятница
ORD000515;CUST0013;2024-05-24;Дом и сад;Пылесос;4034;2;0;Новосибирск;Электронный кошелек;8068,0;Пятница
ORD000419;CUST0153;2024-05-24;Одежда;Джинсы;2554;2;10;Санкт-Петербург;Карта;4597,2;Пятница
ORD000781;CUST0214;2024-05-25;Книги;Война и мир;558;1;5;Нижний Новгород;Наличные;530,1;Суббота
ORD000550;CUST0485;2024-05-25;Электроника;MacBook Air;24238;5;10;Санкт-Петербург;Карта;109071,0;Суббота
ORD000432;CUST0445;2024-05-26;Дом и сад;Пылесос;4907;1;5;Нижний Новгород;Электронный кошелек;4661,65;Воскресенье
ORD000366;CUST0322;2024-05-26;Книги;Анна Каренина;522;1;0;Казань;Электронный кошелек;522,0;Воскресенье
ORD000056;CUST0108;2024-05-26;Спорт;Велосипед;3724;1;0;Казань;Карта;3724,0;Воскресенье
ORD000604;CUST0241;2024-05-26;Дом и сад;Микроволновка;5563;1;5;Новосибирск;Карта;5284,849999999999;Воскресенье
ORD000961;CUST0259;2024-05-26;Одежда;Джинсы;3009;2;0;Казань;Электронный кошелек;6018,0;Воскресенье
ORD000246;CUST0063;2024-05-27;Дом и сад;Кофеварка;5567;5;10;Санкт-Петербург;Наличные;25051,5;Понедельник
ORD000576;CUST0048;2024-05-27;Спорт;Йога-мат;1491;4;0;Новосибирск;Карта;5964,0;Понедельник
ORD000119;CUST0117;2024-05-27;Книги;Python для начинающих;768;1;5;Москва;Наличные;729,5999999999999;Понедельник
ORD000099;CUST0225;2024-05-27;Электроника;AirPods;27830;1;15;Нижний Новгород;Электронный кошелек;23655,5;Понедельник
ORD000504;CUST0355;2024-05-27;Книги;Python для начинающих;1005;1;15;Казань;Наличные;854,25;Понедельник
ORD000153;CUST0308;2024-05-27;Красота;Помада;915;2;0;Екатеринбург;Карта;1830,0;Понедельник
ORD000828;CUST0084;2024-05-27;Книги;Война и мир;569;1;10;Нижний Новгород;Карта;512,1;Понедельник
ORD000686;CUST0321;2024-05-27;Одежда;Джинсы;4337;4;0;Новосибирск;Карта;17348,0;Понедельник
ORD000821;CUST0497;2024-05-28;Дом и сад;Чайник;3539;2;15;Новосибирск;Электронный кошелек;6016,3;Вторник
ORD000223;CUST0329;2024-05-28;Красота;Духи;1694;3;0;Екатеринбург;Карта;5082,0;Вторник
ORD000946;CUST0019;2024-05-28;Спорт;Гантели;3967;2;5;Казань;Наличные;7537,299999999999;Вторник
ORD000609;CUST0057;2024-05-28;Книги;Война и мир;535;1;5;Санкт-Петербург;Наличные;508,25;Вторник
ORD000315;CUST0377;2024-05-29;Книги;Война и мир;640;3;0;Новосибирск;Наличные;1920,0;Среда
ORD000838;CUST0272;2024-05-29;Книги;Python для начинающих;807;3;0;Москва;Электронный кошелек;2421,0;Среда
ORD000096;CUST0017;2024-05-29;Одежда;Куртка зимняя;3373;2;0;Казань;Карта;6746,0;Среда
ORD000811;CUST0214;2024-05-30;Книги;Анна Каренина;567;1;0;Казань;Электронный кошелек;567,0;Четверг
ORD000524;CUST0492;2024-05-31;Книги;Алгоритмы;879;3;15;Казань;Электронный кошелек;2241,45;Пятница
ORD000341;CUST0448;2024-06-01;Электроника;AirPods;21442;3;0;Москва;Карта;64326,0;Суббота
ORD000617;CUST0102;2024-06-01;Красота;Крем для лица;1827;1;0;Казань;Наличные;1827,0;Суббота
ORD000254;CUST0291;2024-06-01;Дом и сад;Микроволновка;6285;1;0;Казань;Электронный кошелек;6285,0;Суббота
ORD000995;CUST0200;2024-06-01;Электроника;iPad;23564;3;0;Москва;Карта;70692,0;Суббота
ORD000112;CUST0429;2024-06-01;Дом и сад;Кофеварка;7796;1;0;Нижний Новгород;Наличные;7796,0;Суббота
ORD000690;CUST0170;2024-06-01;Электроника;iPhone 15;26787;5;0;Новосибирск;Электронный кошелек;133935,0;Суббота
ORD000934;CUST0431;2024-06-02;Одежда;Платье;3061;2;0;Москва;Электронный кошелек;6122,0;Воскресенье
ORD000236;CUST0304;2024-06-02;Красота;Маска для волос;2155;2;5;Новосибирск;Наличные;4094,5;Воскресенье
ORD000729;CUST0292;2024-06-02;Книги;Гарри Поттер;751;4;5;Новосибирск;Карта;2853,7999999999997;Воскресенье
ORD000699;CUST0260;2024-06-02;Дом и сад;Пылесос;4641;1;0;Екатеринбург;Электронный кошелек;4641,0;Воскресенье
ORD000389;CUST0134;2024-06-02;Одежда;Джинсы;4449;3;0;Нижний Новгород;Карта;13347,0;Воскресенье
ORD000040;CUST0478;2024-06-02;Книги;Python для начинающих;1011;1;0;Москва;Электронный кошелек;1011,0;Воскресенье
ORD000644;CUST0020;2024-06-02;Книги;Анна Каренина;418;3;15;Новосибирск;Наличные;1065,8999999999999;Воскресенье
ORD000054;CUST0260;2024-06-02;Красота;Духи;1791;2;0;Санкт-Петербург;Наличные;3582,0;Воскресенье
ORD000077;CUST0436;2024-06-03;Книги;Анна Каренина;532;3;0;Москва;Наличные;1596,0;Понедельник
ORD000276;CUST0449;2024-06-03;Одежда;Кроссовки;4051;1;0;Нижний Новгород;Электронный кошелек;4051,0;Понедельник
ORD000783;CUST0179;2024-06-03;Спорт;Беговые кроссовки;3621;1;20;Москва;Электронный кошелек;2896,8;Понедельник
ORD000192;CUST0063;2024-06-03;Электроника;MacBook Air;23797;2;0;Москва;Наличные;47594,0;Понедельник
ORD000362;CUST0106;2024-06-03;Дом и сад;Кофеварка;6034;2;0;Москва;Карта;12068,0;Понедельник
ORD000722;CUST0273;2024-06-03;Спорт;Гантели;4217;1;0;Санкт-Петербург;Наличные;4217,0;Понедельник
ORD000092;CUST0044;2024-06-04;Одежда;Джинсы;3622;1;0;Нижний Новгород;Карта;3622,0;Вторник
ORD000487;CUST0456;2024-06-04;Дом и сад;Кофеварка;4945;2;15;Новосибирск;Карта;8406,5;Вторник
ORD000218;CUST0085;2024-06-04;Одежда;Куртка зимняя;3783;1;15;Нижний Новгород;Наличные;3215,5499999999997;Вторник
ORD000379;CUST0379;2024-06-04;Дом и сад;Чайник;2935;2;0;Санкт-Петербург;Электронный кошелек;5870,0;Вторник
ORD000971;CUST0372;2024-06-04;Спорт;Велосипед;2682;1;0;Казань;Электронный кошелек;2682,0;Вторник
ORD000983;CUST0456;2024-06-05;Красота;Шампунь;648;2;0;Нижний Новгород;Наличные;1296,0;Среда
ORD000872;CUST0059;2024-06-05;Красота;Шампунь;569;1;0;Екатеринбург;Электронный кошелек;569,0;Среда
ORD000603;CUST0188;2024-06-06;Спорт;Йога-мат;1587;1;0;Санкт-Петербург;Наличные;1587,0;Четверг
ORD000387;CUST0238;2024-06-06;Красота;Крем для лица;1131;3;0;Казань;Электронный кошелек;3393,0;Четверг
ORD000994;CUST0488;2024-06-06;Спорт;Футбольный мяч;2206;4;0;Казань;Карта;8824,0;Четверг
ORD000184;CUST0495;2024-06-07;Спорт;Футбольный мяч;2762;4;20;Екатеринбург;Наличные;8838,4;Пятница
ORD000403;CUST0090;2024-06-07;Спорт;Беговые кроссовки;2640;1;0;Нижний Новгород;Наличные;2640,0;Пятница
ORD000741;CUST0314;2024-06-08;Электроника;iPad;30631;1;0;Екатеринбург;Электронный кошелек;30631,0;Суббота
ORD000970;CUST0267;2024-06-08;Красота;Шампунь;571;3;0;Новосибирск;Карта;1713,0;Суббота
ORD000150;CUST0219;2024-06-09;Красота;Помада;1109;1;15;Москва;Карта;942,65;Воскресенье
ORD000879;CUST0103;2024-06-09;Спорт;Гантели;3403;2;5;Нижний Новгород;Карта;6465,7;Воскресенье
ORD000917;CUST0224;2024-06-09;Одежда;Куртка зимняя;3426;1;15;Нижний Новгород;Электронный кошелек;2912,1;Воскресенье
ORD000209;CUST0333;2024-06-09;Красота;Шампунь;1021;1;0;Нижний Новгород;Наличные;1021,0;Воскресенье
ORD000033;CUST0030;2024-06-09;Электроника;Samsung Galaxy;27610;3;0;Москва;Электронный кошелек;82830,0;Воскресенье
ORD000357;CUST0189;2024-06-09;Красота;Шампунь;744;3;10;Казань;Электронный кошелек;2008,8;Воскресенье
ORD000037;CUST0476;2024-06-10;Электроника;iPhone 15;34124;5;20;Москва;Электронный кошелек;136496,0;Понедельник
ORD000705;CUST0364;2024-06-10;Электроника;iPad;28450;1;0;Екатеринбург;Наличные;28450,0;Понедельник
ORD000457;CUST0442;2024-06-10;Книги;Алгоритмы;1167;1;5;Санкт-Петербург;Наличные;1108,6499999999999;Понедельник
ORD000668;CUST0035;2024-06-11;Дом и сад;Кофеварка;7615;1;0;Санкт-Петербург;Электронный кошелек;7615,0;Вторник
ORD000364;CUST0068;2024-06-11;Спорт;Велосипед;3334;2;0;Екатеринбург;Карта;6668,0;Вторник
ORD000410;CUST0472;2024-06-11;Дом и сад;Чайник;3251;1;0;Новосибирск;Электронный кошелек;3251,0;Вторник
ORD000216;CUST0329;2024-06-11;Электроника;AirPods;24487;1;0;Нижний Новгород;Электронный кошелек;24487,0;Вторник
ORD000429;CUST0467;2024-06-12;Книги;Python для начинающих;602;2;0;Новосибирск;Электронный кошелек;1204,0;Среда
ORD000225;CUST0376;2024-06-12;Красота;Духи;1557;1;0;Новосибирск;Карта;1557,0;Среда
ORD000820;CUST0080;2024-06-12;Электроника;Смарт-часы;25692;1;5;Новосибирск;Наличные;24407,399999999998;Среда
ORD000398;CUST0199;2024-06-13;Красота;Шампунь;573;2;0;Новосибирск;Карта;1146,0;Четверг
ORD000484;CUST0124;2024-06-13;Красота;Помада;876;1;5;Екатеринбург;Карта;832,1999999999999;Четверг
ORD000911;CUST0499;2024-06-14;Книги;Война и мир;556;2;5;Казань;Электронный кошелек;1056,3999999999999;Пятница
ORD000019;CUST0251;2024-06-14;Электроника;iPhone 15;44011;3;10;Новосибирск;Карта;118829,7;Пятница
ORD000170;CUST0443;2024-06-14;Книги;Гарри Поттер;474;1;0;Новосибирск;Наличные;474,0;Пятница
ORD000637;CUST0433;2024-06-15;Красота;Духи;2317;1;5;Нижний Новгород;Карта;2201,15;Суббота
ORD000618;CUST0008;2024-06-15;Одежда;Куртка зимняя;3152;1;0;Москва;Электронный кошелек;3152,0;Суббота
ORD000148;CUST0196;2024-06-15;Дом и сад;Кофеварка;5262;2;0;Казань;Карта;10524,0;Суббота
ORD000643;CUST0406;2024-06-15;Спорт;Футбольный мяч;2979;3;5;Москва;Электронный кошелек;8490,15;Суббота
ORD000204;CUST0339;2024-06-16;Красота;Помада;1161;2;0;Екатеринбург;Наличные;2322,0;Воскресенье
ORD000368;CUST0201;2024-06-16;Дом и сад;Микроволновка;4431;1;15;Санкт-Петербург;Карта;3766,35;Воскресенье
ORD000304;CUST0016;2024-06-16;Книги;Гарри Поттер;702;1;0;Нижний Новгород;Наличные;702,0;Воскресенье
ORD000708;CUST0074;2024-06-16;Электроника;Samsung Galaxy;30969;1;5;Екатеринбург;Наличные;29420,55;Воскресенье
ORD000385;CUST0163;2024-06-16;Спорт;Йога-мат;1680;4;0;Нижний Новгород;Карта;6720,0;Воскресенье
ORD000152;CUST0344;2024-06-17;Электроника;AirPods;22804;1;5;Казань;Карта;21663,8;Понедельник
ORD000259;CUST0155;2024-06-17;Дом и сад;Кофеварка;4241;2;5;Москва;Электронный кошелек;8057,9;Понедельник
ORD000512;CUST0170;2024-06-18;Красота;Помада;997;3;0;Нижний Новгород;Электронный кошелек;2991,0;Вторник
ORD000250;CUST0368;2024-06-18;Спорт;Беговые кроссовки;3881;1;15;Санкт-Петербург;Наличные;3298,85;Вторник
ORD000703;CUST0410;2024-06-18;Красота;Крем для лица;1923;1;0;Екатеринбург;Электронный кошелек;1923,0;Вторник
ORD000086;CUST0181;2024-06-18;Книги;Война и мир;431;1;0;Санкт-Петербург;Наличные;431,0;Вторник
ORD000742;CUST0216;2024-06-18;Красота;Помада;1048;1;15;Казань;Наличные;890,8;Вторник
ORD000802;CUST0272;2024-06-19;Электроника;iPad;28666;1;15;Нижний Новгород;Электронный кошелек;24366,1;Среда
ORD000047;CUST0401;2024-06-19;Спорт;Футбольный мяч;2580;3;0;Москва;Наличные;7740,0;Среда
ORD000197;CUST0069;2024-06-19;Электроника;iPad;30828;2;0;Казань;Наличные;61656,0;Среда
ORD000698;CUST0180;2024-06-19;Дом и сад;Чайник;2120;1;0;Москва;Наличные;2120,0;Среда
ORD000453;CUST0336;2024-06-20;Электроника;MacBook Air;22829;2;0;Новосибирск;Наличные;45658,0;Четверг
ORD000381;CUST0001;2024-06-20;Книги;Война и мир;605;2;0;Нижний Новгород;Карта;1210,0;Четверг
ORD000813;CUST0211;2024-06-20;Дом и сад;Пылесос;4374;3;0;Казань;Электронный кошелек;13122,0;Четверг
ORD000412;CUST0229;2024-06-20;Электроника;iPad;24774;1;0;Москва;Электронный кошелек;24774,0;Четверг
ORD000636;CUST0337;2024-06-21;Одежда;Платье;4157;1;0;Новосибирск;Электронный кошелек;4157,0;Пятница
ORD000435;CUST0419;2024-06-21;Красота;Помада;1042;1;5;Москва;Карта;989,9;Пятница
ORD000289;CUST0132;2024-06-21;Спорт;Гантели;3906;2;0;Санкт-Петербург;Электронный кошелек;7812,0;Пятница
ORD000221;CUST0432;2024-06-21;Дом и сад;Микроволновка;5976;1;0;Казань;Электронный кошелек;5976,0;Пятница
ORD000028;CUST0410;2024-06-22;Электроника;MacBook Air;20374;1;0;Санкт-Петербург;Наличные;20374,0;Суббота
ORD000973;CUST0121;2024-06-22;Книги;Анна Каренина;468;3;5;Нижний Новгород;Электронный кошелек;1333,8;Суббота
ORD000620;CUST0477;2024-06-22;Книги;Python для начинающих;589;2;5;Москва;Карта;1119,1;Суббота
ORD000950;CUST0472;2024-06-22;Дом и сад;Утюг;1947;1;5;Екатеринбург;Электронный кошелек;1849,6499999999999;Суббота
ORD000131;CUST0412;2024-06-22;Электроника;AirPods;31943;1;15;Казань;Электронный кошелек;27151,55;Суббота
ORD000016;CUST0058;2024-06-23;Красота;Духи;1590;1;5;Казань;Наличные;1510,5;Воскресенье
ORD000552;CUST0473;2024-06-24;Спорт;Велосипед;3690;1;0;Москва;Карта;3690,0;Понедельник
ORD000747;CUST0044;2024-06-24;Одежда;Платье;4033;1;0;Екатеринбург;Наличные;4033,0;Понедельник
ORD000724;CUST0279;2024-06-24;Книги;Алгоритмы;804;2;5;Казань;Электронный кошелек;1527,6;Понедельник
ORD000584;CUST0188;2024-06-24;Одежда;Свитер;2672;1;5;Новосибирск;Наличные;2538,4;Понедельник
ORD000113;CUST0171;2024-06-25;Дом и сад;Кофеварка;5558;4;10;Казань;Карта;20008,8;Вторник
ORD000562;CUST0397;2024-06-25;Книги;Война и мир;571;3;5;Казань;Карта;1627,35;Вторник
ORD000212;CUST0364;2024-06-26;Электроника;Samsung Galaxy;28708;3;10;Казань;Электронный кошелек;77511,6;Среда
ORD000325;CUST0160;2024-06-27;Красота;Духи;2341;2;0;Москва;Наличные;4682,0;Четверг
ORD000849;CUST0181;2024-06-27;Одежда;Платье;3739;2;0;Москва;Карта;7478,0;Четверг
ORD000414;CUST0280;2024-06-28;Спорт;Беговые кроссовки;4190;3;0;Казань;Карта;12570,0;Пятница
ORD000713;CUST0282;2024-06-28;Красота;Помада;942;2;0;Санкт-Петербург;Карта;1884,0;Пятница
ORD000653;CUST0316;2024-06-28;Спорт;Велосипед;2756;1;10;Санкт-Петербург;Электронный кошелек;2480,4;Пятница
ORD000662;CUST0182;2024-06-29;Книги;Гарри Поттер;505;5;0;Москва;Электронный кошелек;2525,0;Суббота
ORD000402;CUST0486;2024-06-29;Дом и сад;Кофеварка;4712;4;10;Екатеринбург;Электронный кошелек;16963,2;Суббота
ORD000869;CUST0393;2024-06-29;Красота;Помада;884;2;0;Новосибирск;Наличные;1768,0;Суббота
ORD000752;CUST0490;2024-06-30;Спорт;Велосипед;4378;3;0;Новосибирск;Карта;13134,0;Воскресенье
ORD000972;CUST0064;2024-06-30;Электроника;Смарт-часы;31620;1;0;Москва;Наличные;31620,0;Воскресенье
ORD000321;CUST0086;2024-06-30;Книги;Анна Каренина;327;5;5;Екатеринбург;Наличные;1553,25;Воскресенье
ORD000163;CUST0037;2024-06-30;Спорт;Беговые кроссовки;3366;1;0;Новосибирск;Электронный кошелек;3366,0;Воскресенье
ORD000837;CUST0084;2024-07-01;Электроника;iPad;27501;1;15;Москва;Наличные;23375,85;Понедельник
ORD000766;CUST0171;2024-07-02;Книги;Гарри Поттер;564;2;15;Москва;Наличные;958,8;Вторник
ORD000005;CUST0434;2024-07-02;Красота;Маска для волос;1546;1;0;Москва;Наличные;1546,0;Вторник
ORD000799;CUST0152;2024-07-02;Одежда;Кроссовки;5197;1;5;Санкт-Петербург;Электронный кошелек;4937,15;Вторник
ORD000336;CUST0488;2024-07-02;Электроника;AirPods;19548;2;15;Нижний Новгород;Электронный кошелек;33231,6;Вторник
ORD000307;CUST0055;2024-07-03;Электроника;iPhone 15;44302;1;5;Москва;Карта;42086,9;Среда
ORD000590;CUST0185;2024-07-03;Дом и сад;Кофеварка;7555;1;0;Москва;Наличные;7555,0;Среда
ORD000951;CUST0408;2024-07-03;Спорт;Футбольный мяч;3219;1;5;Казань;Наличные;3058,0499999999997;Среда
ORD000420;CUST0002;2024-07-03;Спорт;Беговые кроссовки;3069;2;5;Санкт-Петербург;Карта;5831,099999999999;Среда
ORD000840;CUST0050;2024-07-04;Дом и сад;Кофеварка;5466;1;0;Новосибирск;Наличные;5466,0;Четверг
ORD000784;CUST0442;2024-07-04;Дом и сад;Кофеварка;4989;3;5;Новосибирск;Карта;14218,65;Четверг
ORD000316;CUST0059;2024-07-05;Дом и сад;Чайник;3166;2;5;Нижний Новгород;Карта;6015,4;Пятница
ORD000804;CUST0455;2024-07-05;Электроника;iPhone 15;32542;1;0;Новосибирск;Карта;32542,0;Пятница
ORD000008;CUST0084;2024-07-05;Красота;Помада;991;1;15;Казань;Карта;842,35;Пятница
ORD000858;CUST0500;2024-07-05;Одежда;Куртка зимняя;2460;3;0;Санкт-Петербург;Наличные;7380,0;Пятница
ORD000625;CUST0233;2024-07-06;Электроника;Смарт-часы;25089;2;10;Нижний Новгород;Наличные;45160,200000000004;Суббота
ORD000893;CUST0421;2024-07-07;Красота;Крем для лица;1631;4;0;Казань;Электронный кошелек;6524,0;Воскресенье
ORD000856;CUST0092;2024-07-07;Электроника;Смарт-часы;24875;1;0;Казань;Электронный кошелек;24875,0;Воскресенье
ORD000506;CUST0387;2024-07-07;Дом и сад;Кофеварка;6858;1;5;Санкт-Петербург;Наличные;6515,099999999999;Воскресенье
ORD000139;CUST0279;2024-07-07;Книги;Гарри Поттер;442;1;15;Екатеринбург;Карта;375,7;Воскресенье
ORD000133;CUST0345;2024-07-07;Книги;Гарри Поттер;630;3;15;Москва;Электронный кошелек;1606,5;Воскресенье
ORD000383;CUST0235;2024-07-09;Книги;Python для начинающих;839;2;5;Екатеринбург;Карта;1594,1;Вторник
ORD000377;CUST0062;2024-07-09;Дом и сад;Микроволновка;4038;3;20;Екатеринбург;Карта;9691,2;Вторник
ORD000441;CUST0251;2024-07-09;Дом и сад;Утюг;2016;3;0;Новосибирск;Наличные;6048,0;Вторник
ORD000292;CUST0031;2024-07-10;Дом и сад;Кофеварка;7486;2;0;Нижний Новгород;Электронный кошелек;14972,0;Среда
ORD000982;CUST0156;2024-07-10;Красота;Духи;1434;1;5;Екатеринбург;Карта;1362,3;Среда
ORD000262;CUST0213;2024-07-10;Книги;Анна Каренина;561;3;10;Санкт-Петербург;Карта;1514,7;Среда
ORD000654;CUST0080;2024-07-10;Книги;Python для начинающих;614;1;15;Санкт-Петербург;Наличные;521,9;Среда
ORD000525;CUST0491;2024-07-10;Электроника;Samsung Galaxy;34296;1;0;Нижний Новгород;Электронный кошелек;34296,0;Среда
ORD000189;CUST0115;2024-07-10;Электроника;iPad;37755;2;5;Санкт-Петербург;Карта;71734,5;Среда
ORD000544;CUST0499;2024-07-11;Одежда;Платье;3019;3;0;Екатеринбург;Электронный кошелек;9057,0;Четверг
ORD000975;CUST0267;2024-07-12;Книги;Алгоритмы;763;2;0;Новосибирск;Наличные;1526,0;Пятница
ORD000750;CUST0350;2024-07-13;Книги;Война и мир;492;1;10;Москва;Наличные;442,8;Суббота
ORD000676;CUST0369;2024-07-13;Красота;Духи;2134;2;0;Нижний Новгород;Электронный кошелек;4268,0;Суббота
ORD000692;CUST0420;2024-07-13;Электроника;AirPods;30150;1;0;Москва;Электронный кошелек;30150,0;Суббота
ORD000055;CUST0347;2024-07-13;Книги;Алгоритмы;1069;1;0;Москва;Наличные;1069,0;Суббота
ORD000927;CUST0048;2024-07-14;Спорт;Йога-мат;1614;4;10;Москва;Карта;5810,400000000001;Воскресенье
ORD000523;CUST0203;2024-07-14;Книги;Python для начинающих;788;2;0;Екатеринбург;Электронный кошелек;1576,0;Воскресенье
ORD000646;CUST0028;2024-07-14;Красота;Маска для волос;1304;2;0;Нижний Новгород;Электронный кошелек;2608,0;Воскресенье
ORD000278;CUST0403;2024-07-14;Дом и сад;Пылесос;4471;1;0;Санкт-Петербург;Электронный кошелек;4471,0;Воскресенье
ORD000122;CUST0318;2024-07-14;Книги;Алгоритмы;999;2;0;Казань;Наличные;1998,0;Воскресенье
ORD000185;CUST0258;2024-07-14;Дом и сад;Утюг;3199;3;10;Санкт-Петербург;Наличные;8637,300000000001;Воскресенье
ORD000723;CUST0034;2024-07-15;Красота;Шампунь;951;2;5;Екатеринбург;Электронный кошелек;1806,8999999999999;Понедельник
ORD000302;CUST0387;2024-07-15;Книги;Алгоритмы;1174;2;0;Казань;Наличные;2348,0;Понедельник
ORD000114;CUST0120;2024-07-15;Спорт;Беговые кроссовки;3118;1;15;Екатеринбург;Наличные;2650,2999999999997;Понедельник
ORD000232;CUST0259;2024-07-16;Спорт;Велосипед;3037;5;5;Москва;Карта;14425,75;Вторник
ORD000791;CUST0192;2024-07-17;Одежда;Свитер;3169;2;20;Санкт-Петербург;Наличные;5070,400000000001;Среда
ORD000764;CUST0137;2024-07-18;Одежда;Кроссовки;3592;1;0;Казань;Наличные;3592,0;Четверг
ORD000874;CUST0166;2024-07-18;Дом и сад;Микроволновка;5925;1;5;Новосибирск;Наличные;5628,75;Четверг
ORD000867;CUST0250;2024-07-18;Электроника;Samsung Galaxy;30940;1;5;Нижний Новгород;Наличные;29393,0;Четверг
ORD000890;CUST0413;2024-07-18;Книги;Алгоритмы;1261;1;0;Санкт-Петербург;Наличные;1261,0;Четверг
ORD000969;CUST0372;2024-07-18;Книги;Алгоритмы;1012;2;0;Нижний Новгород;Электронный кошелек;2024,0;Четверг
ORD000178;CUST0067;2024-07-19;Дом и сад;Микроволновка;4429;1;5;Санкт-Петербург;Электронный кошелек;4207,55;Пятница
ORD000945;CUST0027;2024-07-19;Красота;Крем для лица;1142;3;0;Екатеринбург;Наличные;3426,0;Пятница
ORD000613;CUST0037;2024-07-19;Дом и сад;Утюг;2022;3;0;Екатеринбург;Карта;6066,0;Пятница
ORD000825;CUST0100;2024-07-20;Спорт;Йога-мат;2124;2;0;Казань;Наличные;4248,0;Суббота
ORD000732;CUST0321;2024-07-20;Красота;Духи;1887;1;0;Санкт-Петербург;Наличные;1887,0;Суббота
ORD000526;CUST0276;2024-07-20;Дом и сад;Микроволновка;4414;2;15;Новосибирск;Карта;7503,8;Суббота
ORD000406;CUST0301;2024-07-21;Электроника;iPad;26432;1;0;Екатеринбург;Электронный кошелек;26432,0;Воскресенье
ORD000434;CUST0456;2024-07-21;Красота;Шампунь;584;1;0;Новосибирск;Карта;584,0;Воскресенье
ORD000987;CUST0174;2024-07-21;Дом и сад;Микроволновка;6374;3;5;Казань;Карта;18165,899999999998;Воскресенье
ORD000313;CUST0171;2024-07-21;Дом и сад;Утюг;2956;1;0;Казань;Электронный кошелек;2956,0;Воскресенье
ORD000678;CUST0377;2024-07-21;Электроника;Samsung Galaxy;26108;2;15;Санкт-Петербург;Наличные;44383,6;Воскресенье
ORD000267;CUST0131;2024-07-21;Электроника;Смарт-часы;20769;1;0;Казань;Карта;20769,0;Воскресенье
ORD000941;CUST0412;2024-07-21;Красота;Крем для лица;1163;1;0;Москва;Электронный кошелек;1163,0;Воскресенье
ORD000354;CUST0321;2024-07-21;Красота;Шампунь;766;1;0;Санкт-Петербург;Наличные;766,0;Воскресенье
ORD000253;CUST0404;2024-07-22;Спорт;Футбольный мяч;3786;4;15;Москва;Карта;12872,4;Понедельник
ORD000446;CUST0300;2024-07-22;Электроника;iPhone 15;35242;1;10;Новосибирск;Электронный кошелек;31717,8;Понедельник
ORD000076;CUST0483;2024-07-22;Книги;Алгоритмы;746;2;5;Москва;Электронный кошелек;1417,3999999999999;Понедельник
ORD000826;CUST0076;2024-07-22;Книги;Война и мир;461;1;0;Новосибирск;Наличные;461,0;Понедельник
ORD000132;CUST0496;2024-07-22;Дом и сад;Пылесос;3017;1;0;Москва;Наличные;3017,0;Понедельник
ORD000013;CUST0186;2024-07-23;Одежда;Рубашка;2514;1;0;Москва;Карта;2514,0;Вторник
ORD000050;CUST0348;2024-07-23;Дом и сад;Пылесос;5054;1;20;Санкт-Петербург;Электронный кошелек;4043,2000000000003;Вторник
ORD000234;CUST0257;2024-07-24;Электроника;iPhone 15;25317;2;10;Нижний Новгород;Наличные;45570,6;Среда
ORD000901;CUST0103;2024-07-24;Книги;Гарри Поттер;533;1;0;Нижний Новгород;Электронный кошелек;533,0;Среда
ORD000231;CUST0188;2024-07-25;Электроника;AirPods;18267;1;0;Новосибирск;Карта;18267,0;Четверг
ORD000449;CUST0339;2024-07-25;Красота;Шампунь;906;2;20;Новосибирск;Наличные;1449,6000000000001;Четверг
ORD000940;CUST0445;2024-07-26;Книги;Анна Каренина;511;1;10;Нижний Новгород;Наличные;459,90000000000003;Пятница
ORD000536;CUST0394;2024-07-26;Дом и сад;Чайник;3731;2;0;Нижний Новгород;Наличные;7462,0;Пятница
ORD000450;CUST0199;2024-07-26;Книги;Python для начинающих;840;5;10;Новосибирск;Электронный кошелек;3780,0;Пятница
ORD000206;CUST0187;2024-07-26;Дом и сад;Чайник;3815;1;5;Екатеринбург;Карта;3624,25;Пятница
ORD000726;CUST0036;2024-07-26;Дом и сад;Микроволновка;5557;2;10;Новосибирск;Наличные;10002,6;Пятница
ORD000897;CUST0405;2024-07-27;Электроника;iPad;36596;2;15;Екатеринбург;Электронный кошелек;62213,2;Суббота
ORD000999;CUST0229;2024-07-27;Электроника;Смарт-часы;25006;2;0;Нижний Новгород;Карта;50012,0;Суббота
ORD000558;CUST0132;2024-07-28;Одежда;Джинсы;3939;3;0;Москва;Электронный кошелек;11817,0;Воскресенье
ORD000981;CUST0057;2024-07-28;Электроника;iPad;31292;1;0;Новосибирск;Наличные;31292,0;Воскресенье
ORD000491;CUST0055;2024-07-28;Красота;Маска для волос;1472;1;10;Санкт-Петербург;Наличные;1324,8;Воскресенье
ORD000293;CUST0007;2024-07-29;Электроника;Samsung Galaxy;31733;1;0;Нижний Новгород;Электронный кошелек;31733,0;Понедельник
ORD000755;CUST0051;2024-07-29;Дом и сад;Микроволновка;5556;1;5;Новосибирск;Карта;5278,2;Понедельник
ORD000883;CUST0164;2024-07-29;Электроника;Смарт-часы;20553;1;10;Казань;Карта;18497,7;Понедельник
ORD000782;CUST0123;2024-07-29;Одежда;Платье;3568;2;5;Нижний Новгород;Карта;6779,2;Понедельник
ORD000104;CUST0356;2024-07-29;Спорт;Йога-мат;2195;1;5;Москва;Наличные;2085,25;Понедельник
ORD000551;CUST0308;2024-07-29;Одежда;Платье;3815;1;5;Новосибирск;Карта;3624,25;Понедельник
ORD000738;CUST0475;2024-07-29;Дом и сад;Кофеварка;5521;5;0;Казань;Наличные;27605,0;Понедельник
ORD000561;CUST0283;2024-07-30;Дом и сад;Утюг;2018;2;0;Новосибирск;Электронный кошелек;4036,0;Вторник
ORD000652;CUST0217;2024-07-30;Красота;Помада;977;1;5;Новосибирск;Карта;928,15;Вторник
ORD000898;CUST0475;2024-07-30;Красота;Духи;2452;3;10;Казань;Наличные;6620,400000000001;Вторник
ORD000527;CUST0464;2024-07-30;Книги;Анна Каренина;353;1;5;Новосибирск;Карта;335,34999999999997;Вторник
ORD000280;CUST0496;2024-07-30;Спорт;Велосипед;3563;1;0;Новосибирск;Электронный кошелек;3563,0;Вторник
ORD000948;CUST0456;2024-08-01;Спорт;Беговые кроссовки;3489;4;0;Казань;Наличные;13956,0;Четверг
ORD000500;CUST0346;2024-08-01;Книги;Анна Каренина;392;3;10;Нижний Новгород;Карта;1058,4;Четверг
ORD000288;CUST0152;2024-08-01;Одежда;Рубашка;2245;1;10;Екатеринбург;Электронный кошелек;2020,5;Четверг
ORD000478;CUST0467;2024-08-01;Дом и сад;Утюг;2953;2;0;Екатеринбург;Наличные;5906,0;Четверг
ORD000665;CUST0124;2024-08-01;Дом и сад;Чайник;2868;1;5;Екатеринбург;Электронный кошелек;2724,6;Четверг
ORD000137;CUST0301;2024-08-02;Книги;Алгоритмы;1231;2;10;Нижний Новгород;Наличные;2215,8;Пятница
ORD000273;CUST0315;2024-08-02;Электроника;MacBook Air;20591;1;0;Нижний Новгород;Электронный кошелек;20591,0;Пятница
ORD000376;CUST0115;2024-08-02;Красота;Шампунь;760;2;0;Москва;Электронный кошелек;1520,0;Пятница
ORD000966;CUST0206;2024-08-02;Книги;Анна Каренина;551;2;0;Новосибирск;Карта;1102,0;Пятница
ORD000382;CUST0252;2024-08-02;Электроника;MacBook Air;28175;1;15;Нижний Новгород;Наличные;23948,75;Пятница
ORD000227;CUST0128;2024-08-02;Одежда;Куртка зимняя;3781;2;0;Санкт-Петербург;Наличные;7562,0;Пятница
ORD000496;CUST0312;2024-08-02;Книги;Алгоритмы;864;4;20;Екатеринбург;Карта;2764,8;Пятница
ORD000334;CUST0306;2024-08-02;Одежда;Платье;2977;1;5;Казань;Электронный кошелек;2828,15;Пятница
ORD000269;CUST0192;2024-08-03;Спорт;Гантели;4887;4;0;Казань;Электронный кошелек;19548,0;Суббота
ORD000931;CUST0416;2024-08-04;Красота;Маска для волос;1461;2;0;Нижний Новгород;Наличные;2922,0;Воскресенье
ORD000581;CUST0245;2024-08-04;Дом и сад;Микроволновка;5007;1;5;Санкт-Петербург;Наличные;4756,65;Воскресенье
ORD000356;CUST0356;2024-08-04;Одежда;Свитер;2079;1;5;Москва;Карта;1975,05;Воскресенье
ORD000004;CUST0175;2024-08-04;Красота;Шампунь;663;3;0;Екатеринбург;Карта;1989,0;Воскресенье
ORD000892;CUST0244;2024-08-04;Книги;Алгоритмы;1278;3;15;Новосибирск;Наличные;3258,9;Воскресенье
ORD000203;CUST0041;2024-08-05;Спорт;Велосипед;4540;1;0;Москва;Карта;4540,0;Понедельник
ORD000159;CUST0249;2024-08-05;Дом и сад;Утюг;2371;1;0;Новосибирск;Наличные;2371,0;Понедельник
ORD000736;CUST0320;2024-08-05;Одежда;Свитер;2816;2;0;Новосибирск;Карта;5632,0;Понедельник
ORD000878;CUST0108;2024-08-06;Красота;Крем для лица;1636;1;10;Екатеринбург;Электронный кошелек;1472,4;Вторник
ORD000508;CUST0143;2024-08-07;Дом и сад;Пылесос;3112;2;0;Новосибирск;Наличные;6224,0;Среда
ORD000164;CUST0294;2024-08-07;Спорт;Гантели;3495;1;15;Санкт-Петербург;Электронный кошелек;2970,75;Среда
ORD000906;CUST0308;2024-08-07;Красота;Шампунь;603;1;15;Москва;Карта;512,55;Среда
ORD000294;CUST0413;2024-08-08;Одежда;Джинсы;4378;2;0;Нижний Новгород;Электронный кошелек;8756,0;Четверг
ORD000322;CUST0055;2024-08-08;Электроника;iPhone 15;29934;1;0;Нижний Новгород;Электронный кошелек;29934,0;Четверг
ORD000762;CUST0112;2024-08-08;Дом и сад;Микроволновка;6238;2;0;Москва;Карта;12476,0;Четверг
ORD000605;CUST0409;2024-08-08;Красота;Маска для волос;1510;1;0;Екатеринбург;Электронный кошелек;1510,0;Четверг
ORD000865;CUST0451;2024-08-08;Электроника;AirPods;24252;3;0;Москва;Карта;72756,0;Четверг
ORD000305;CUST0096;2024-08-09;Книги;Анна Каренина;493;1;5;Санкт-Петербург;Электронный кошелек;468,34999999999997;Пятница
ORD000645;CUST0214;2024-08-10;Электроника;MacBook Air;28715;2;15;Казань;Электронный кошелек;48815,5;Суббота
ORD000796;CUST0297;2024-08-10;Одежда;Платье;4057;4;10;Екатеринбург;Карта;14605,2;Суббота
ORD000602;CUST0269;2024-08-10;Книги;Анна Каренина;399;1;0;Москва;Наличные;399,0;Суббота
ORD000939;CUST0274;2024-08-10;Электроника;iPhone 15;32794;1;5;Екатеринбург;Электронный кошелек;31154,3;Суббота
ORD000835;CUST0445;2024-08-11;Красота;Духи;2569;3;0;Казань;Электронный кошелек;7707,0;Воскресенье
ORD000606;CUST0203;2024-08-11;Одежда;Рубашка;2822;2;10;Санкт-Петербург;Наличные;5079,6;Воскресенье
ORD000623;CUST0287;2024-08-12;Красота;Маска для волос;2013;1;0;Новосибирск;Наличные;2013,0;Понедельник
ORD000611;CUST0373;2024-08-12;Электроника;MacBook Air;18853;1;0;Екатеринбург;Наличные;18853,0;Понедельник
ORD000679;CUST0204;2024-08-13;Красота;Помада;1172;1;5;Москва;Электронный кошелек;1113,3999999999999;Вторник
ORD000918;CUST0028;2024-08-13;Одежда;Рубашка;1832;1;0;Санкт-Петербург;Электронный кошелек;1832,0;Вторник
ORD000761;CUST0036;2024-08-13;Спорт;Футбольный мяч;3199;1;0;Санкт-Петербург;Электронный кошелек;3199,0;Вторник
ORD000891;CUST0210;2024-08-13;Красота;Маска для волос;1320;2;5;Москва;Наличные;2508,0;Вторник
ORD000968;CUST0358;2024-08-14;Красота;Духи;2330;3;0;Нижний Новгород;Наличные;6990,0;Среда
ORD000959;CUST0391;2024-08-14;Дом и сад;Утюг;2849;1;5;Новосибирск;Карта;2706,5499999999997;Среда
ORD000944;CUST0494;2024-08-15;Спорт;Гантели;2847;1;0;Новосибирск;Электронный кошелек;2847,0;Четверг
ORD000601;CUST0070;2024-08-15;Книги;Анна Каренина;363;2;5;Казань;Электронный кошелек;689,6999999999999;Четверг
ORD000827;CUST0448;2024-08-16;Дом и сад;Микроволновка;4147;3;5;Екатеринбург;Наличные;11818,949999999999;Пятница
ORD000205;CUST0022;2024-08-16;Книги;Гарри Поттер;641;1;5;Москва;Карта;608,9499999999999;Пятница
ORD000746;CUST0190;2024-08-16;Одежда;Куртка зимняя;3509;1;0;Нижний Новгород;Карта;3509,0;Пятница
ORD000563;CUST0401;2024-08-16;Книги;Алгоритмы;760;2;5;Нижний Новгород;Электронный кошелек;1444,0;Пятница
ORD000716;CUST0316;2024-08-16;Красота;Помада;1079;1;5;Нижний Новгород;Карта;1025,05;Пятница
ORD000986;CUST0077;2024-08-17;Книги;Гарри Поттер;452;2;5;Екатеринбург;Карта;858,8;Суббота
ORD000507;CUST0091;2024-08-17;Книги;Python для начинающих;650;1;0;Екатеринбург;Карта;650,0;Суббота
ORD000751;CUST0196;2024-08-17;Книги;Гарри Поттер;766;2;0;Нижний Новгород;Электронный кошелек;1532,0;Суббота
ORD000319;CUST0307;2024-08-17;Спорт;Велосипед;3292;2;15;Казань;Наличные;5596,4;Суббота
ORD000208;CUST0486;2024-08-18;Красота;Помада;1160;1;0;Новосибирск;Наличные;1160,0;Воскресенье
ORD000188;CUST0453;2024-08-18;Красота;Крем для лица;1423;1;0;Екатеринбург;Карта;1423,0;Воскресенье
ORD000531;CUST0169;2024-08-18;Дом и сад;Пылесос;4464;1;0;Новосибирск;Наличные;4464,0;Воскресенье
ORD000910;CUST0465;2024-08-18;Одежда;Куртка зимняя;3149;2;0;Екатеринбург;Карта;6298,0;Воскресенье
ORD000081;CUST0125;2024-08-18;Спорт;Велосипед;3732;1;0;Новосибирск;Карта;3732,0;Воскресенье
ORD000173;CUST0466;2024-08-18;Дом и сад;Чайник;2679;1;0;Москва;Наличные;2679,0;Воскресенье
ORD000326;CUST0164;2024-08-19;Электроника;iPad;21804;2;0;Новосибирск;Электронный кошелек;43608,0;Понедельник
ORD000489;CUST0059;2024-08-19;Электроника;Смарт-часы;20826;1;10;Новосибирск;Электронный кошелек;18743,4;Понедельник
ORD000798;CUST0254;2024-08-19;Одежда;Джинсы;3623;1;5;Санкт-Петербург;Карта;3441,85;Понедельник
ORD000759;CUST0473;2024-08-20;Красота;Духи;2231;2;5;Новосибирск;Карта;4238,9;Вторник
ORD000682;CUST0047;2024-08-20;Красота;Помада;1338;4;5;Казань;Электронный кошелек;5084,4;Вторник
ORD000352;CUST0001;2024-08-21;Спорт;Футбольный мяч;3892;4;10;Новосибирск;Карта;14011,2;Среда
ORD000816;CUST0490;2024-08-21;Одежда;Платье;4014;2;0;Санкт-Петербург;Электронный кошелек;8028,0;Среда
ORD000687;CUST0255;2024-08-22;Спорт;Велосипед;4146;2;0;Санкт-Петербург;Электронный кошелек;8292,0;Четверг
ORD000256;CUST0332;2024-08-22;Красота;Шампунь;567;1;0;Казань;Карта;567,0;Четверг
ORD000430;CUST0470;2024-08-22;Электроника;Смарт-часы;26846;1;0;Екатеринбург;Карта;26846,0;Четверг
ORD000635;CUST0360;2024-08-22;Книги;Война и мир;615;1;0;Екатеринбург;Электронный кошелек;615,0;Четверг
ORD000349;CUST0326;2024-08-22;Книги;Гарри Поттер;726;3;0;Екатеринбург;Карта;2178,0;Четверг
ORD000332;CUST0317;2024-08-22;Одежда;Кроссовки;4494;1;5;Москва;Электронный кошелек;4269,3;Четверг
ORD000123;CUST0131;2024-08-23;Книги;Python для начинающих;991;1;0;Нижний Новгород;Карта;991,0;Пятница
ORD000924;CUST0426;2024-08-23;Книги;Война и мир;486;4;0;Москва;Наличные;1944,0;Пятница
ORD000243;CUST0468;2024-08-23;Дом и сад;Пылесос;4111;2;10;Казань;Электронный кошелек;7399,8;Пятница
ORD000615;CUST0377;2024-08-23;Электроника;Samsung Galaxy;30789;1;0;Новосибирск;Наличные;30789,0;Пятница
ORD000165;CUST0426;2024-08-23;Книги;Гарри Поттер;452;3;0;Нижний Новгород;Наличные;1356,0;Пятница
ORD000800;CUST0440;2024-08-23;Дом и сад;Кофеварка;4288;1;5;Казань;Наличные;4073,6;Пятница
ORD000574;CUST0460;2024-08-23;Дом и сад;Микроволновка;4946;1;0;Санкт-Петербург;Электронный кошелек;4946,0;Пятница
ORD000519;CUST0368;2024-08-23;Красота;Крем для лица;1129;1;5;Нижний Новгород;Карта;1072,55;Пятница
ORD000029;CUST0128;2024-08-24;Электроника;AirPods;29620;3;0;Казань;Электронный кошелек;88860,0;Суббота
ORD000317;CUST0483;2024-08-24;Книги;Алгоритмы;963;1;5;Екатеринбург;Электронный кошелек;914,8499999999999;Суббота
ORD000106;CUST0212;2024-08-24;Электроника;MacBook Air;25277;1;0;Екатеринбург;Карта;25277,0;Суббота
ORD000328;CUST0119;2024-08-24;Спорт;Футбольный мяч;2435;2;0;Казань;Электронный кошелек;4870,0;Суббота
ORD000932;CUST0347;2024-08-25;Одежда;Кроссовки;4447;1;0;Казань;Электронный кошелек;4447,0;Воскресенье
ORD000885;CUST0249;2024-08-25;Дом и сад;Утюг;2383;4;0;Новосибирск;Карта;9532,0;Воскресенье
ORD000718;CUST0241;2024-08-26;Одежда;Рубашка;1966;3;0;Новосибирск;Наличные;5898,0;Понедельник
ORD000717;CUST0291;2024-08-26;Одежда;Джинсы;4157;4;0;Екатеринбург;Наличные;16628,0;Понедельник
ORD000378;CUST0444;2024-08-26;Красота;Помада;1076;2;0;Санкт-Петербург;Наличные;2152,0;Понедельник
ORD000226;CUST0063;2024-08-26;Красота;Духи;1698;1;0;Екатеринбург;Электронный кошелек;1698,0;Понедельник
ORD000853;CUST0057;2024-08-26;Дом и сад;Чайник;2992;1;0;Казань;Карта;2992,0;Понедельник
ORD000697;CUST0321;2024-08-26;Электроника;Смарт-часы;30221;2;20;Екатеринбург;Карта;48353,600000000006;Понедельник
ORD000919;CUST0224;2024-08-27;Электроника;AirPods;18112;1;5;Екатеринбург;Наличные;17206,399999999998;Вторник
ORD000710;CUST0456;2024-08-27;Электроника;iPhone 15;35432;1;0;Нижний Новгород;Наличные;35432,0;Вторник
ORD000624;CUST0141;2024-08-27;Дом и сад;Кофеварка;4777;2;0;Новосибирск;Электронный кошелек;9554,0;Вторник
ORD000027;CUST0443;2024-08-27;Книги;Python для начинающих;883;5;0;Екатеринбург;Электронный кошелек;4415,0;Вторник
ORD000117;CUST0401;2024-08-28;Красота;Помада;1289;1;0;Новосибирск;Электронный кошелек;1289,0;Среда
ORD000230;CUST0147;2024-08-28;Дом и сад;Микроволновка;6042;1;10;Казань;Наличные;5437,8;Среда
ORD000833;CUST0064;2024-08-29;Книги;Гарри Поттер;570;1;5;Санкт-Петербург;Карта;541,5;Четверг
ORD000399;CUST0272;2024-08-29;Красота;Маска для волос;2340;5;0;Казань;Карта;11700,0;Четверг
ORD000790;CUST0300;2024-08-29;Спорт;Беговые кроссовки;4320;1;15;Екатеринбург;Карта;3672,0;Четверг
ORD000110;CUST0125;2024-08-29;Спорт;Велосипед;2754;1;0;Казань;Карта;2754,0;Четверг
ORD000422;CUST0251;2024-08-29;Книги;Гарри Поттер;453;2;0;Екатеринбург;Наличные;906,0;Четверг
ORD000587;CUST0413;2024-08-30;Электроника;MacBook Air;23823;1;10;Казань;Электронный кошелек;21440,7;Пятница
ORD000795;CUST0429;2024-08-30;Спорт;Йога-мат;1417;1;10;Санкт-Петербург;Наличные;1275,3;Пятница
ORD000279;CUST0124;2024-08-30;Одежда;Куртка зимняя;3644;1;0;Москва;Электронный кошелек;3644,0;Пятница
ORD000026;CUST0125;2024-08-30;Спорт;Гантели;3257;1;0;Екатеринбург;Наличные;3257,0;Пятница
ORD000433;CUST0020;2024-08-30;Одежда;Куртка зимняя;2825;2;5;Екатеринбург;Карта;5367,5;Пятница
ORD000444;CUST0467;2024-08-30;Одежда;Кроссовки;3216;3;0;Нижний Новгород;Наличные;9648,0;Пятница
ORD000619;CUST0353;2024-08-31;Дом и сад;Чайник;2769;1;0;Москва;Электронный кошелек;2769,0;Суббота
ORD000985;CUST0428;2024-08-31;Книги;Анна Каренина;351;1;5;Екатеринбург;Электронный кошелек;333,45;Суббота
ORD000059;CUST0313;2024-08-31;Электроника;AirPods;23717;1;0;Казань;Наличные;23717,0;Суббота
ORD000868;CUST0288;2024-08-31;Одежда;Платье;2347;1;0;Екатеринбург;Электронный кошелек;2347,0;Суббота
ORD000251;CUST0245;2024-08-31;Книги;Алгоритмы;1154;1;0;Москва;Карта;1154,0;Суббота
ORD000688;CUST0233;2024-08-31;Спорт;Гантели;2991;2;0;Нижний Новгород;Наличные;5982,0;Суббота
ORD000084;CUST0331;2024-08-31;Книги;Война и мир;484;1;0;Екатеринбург;Электронный кошелек;484,0;Суббота
ORD000720;CUST0058;2024-08-31;Красота;Духи;1953;1;5;Нижний Новгород;Электронный кошелек;1855,35;Суббота
ORD000860;CUST0342;2024-08-31;Дом и сад;Утюг;3231;2;0;Екатеринбург;Карта;6462,0;Суббота
ORD000477;CUST0410;2024-09-01;Спорт;Футбольный мяч;2304;2;0;Санкт-Петербург;Карта;4608,0;Воскресенье
ORD000765;CUST0224;2024-09-01;Спорт;Беговые кроссовки;3584;1;15;Екатеринбург;Карта;3046,4;Воскресенье
ORD000198;CUST0324;2024-09-02;Одежда;Рубашка;1845;3;0;Новосибирск;Карта;5535,0;Понедельник
ORD000284;CUST0469;2024-09-02;Одежда;Кроссовки;4251;1;15;Нижний Новгород;Наличные;3613,35;Понедельник
ORD000650;CUST0287;2024-09-03;Одежда;Свитер;2624;2;0;Казань;Электронный кошелек;5248,0;Вторник
ORD000540;CUST0481;2024-09-04;Красота;Крем для лица;1247;1;0;Новосибирск;Карта;1247,0;Среда
ORD000417;CUST0361;2024-09-04;Электроника;AirPods;31637;1;10;Санкт-Петербург;Карта;28473,3;Среда
ORD000080;CUST0239;2024-09-04;Спорт;Велосипед;3014;3;10;Москва;Наличные;8137,8;Среда
ORD000660;CUST0444;2024-09-05;Дом и сад;Кофеварка;4517;1;15;Нижний Новгород;Электронный кошелек;3839,45;Четверг
ORD000841;CUST0211;2024-09-05;Красота;Шампунь;609;1;0;Санкт-Петербург;Электронный кошелек;609,0;Четверг
ORD000180;CUST0099;2024-09-05;Одежда;Рубашка;1982;1;5;Нижний Новгород;Электронный кошелек;1882,8999999999999;Четверг
ORD000629;CUST0099;2024-09-05;Электроника;iPhone 15;36491;2;5;Нижний Новгород;Электронный кошелек;69332,9;Четверг
ORD000621;CUST0120;2024-09-06;Красота;Маска для волос;2112;3;10;Екатеринбург;Электронный кошелек;5702,400000000001;Пятница
ORD000032;CUST0080;2024-09-06;Одежда;Куртка зимняя;2492;1;5;Москва;Электронный кошелек;2367,4;Пятница
ORD000725;CUST0059;2024-09-06;Дом и сад;Кофеварка;5866;2;10;Санкт-Петербург;Наличные;10558,800000000001;Пятница
ORD000082;CUST0109;2024-09-06;Красота;Помада;1085;3;5;Новосибирск;Электронный кошелек;3092,25;Пятница
ORD000407;CUST0333;2024-09-06;Красота;Шампунь;899;2;10;Нижний Новгород;Наличные;1618,2;Пятница
ORD000592;CUST0397;2024-09-06;Книги;Война и мир;617;1;0;Казань;Карта;617,0;Пятница
ORD000769;CUST0044;2024-09-06;Книги;Война и мир;571;1;0;Казань;Электронный кошелек;571,0;Пятница
ORD000675;CUST0353;2024-09-07;Красота;Духи;2465;1;5;Нижний Новгород;Электронный кошелек;2341,75;Суббота
ORD000290;CUST0095;2024-09-07;Дом и сад;Микроволновка;5072;3;0;Казань;Карта;15216,0;Суббота
ORD000042;CUST0129;2024-09-07;Электроника;iPhone 15;37820;2;0;Новосибирск;Карта;75640,0;Суббота
ORD000510;CUST0405;2024-09-08;Дом и сад;Кофеварка;5489;3;0;Санкт-Петербург;Карта;16467,0;Воскресенье
ORD000929;CUST0411;2024-09-08;Спорт;Йога-мат;2484;2;0;Москва;Наличные;4968,0;Воскресенье
ORD000103;CUST0497;2024-09-08;Электроника;AirPods;22719;1;5;Санкт-Петербург;Наличные;21583,05;Воскресенье
ORD000631;CUST0476;2024-09-08;Электроника;AirPods;29515;1;0;Екатеринбург;Наличные;29515,0;Воскресенье
ORD000136;CUST0060;2024-09-09;Электроника;MacBook Air;30809;1;0;Казань;Электронный кошелек;30809,0;Понедельник
ORD000832;CUST0287;2024-09-09;Книги;Война и мир;417;3;0;Новосибирск;Электронный кошелек;1251,0;Понедельник
ORD000100;CUST0225;2024-09-09;Электроника;Samsung Galaxy;20270;1;0;Новосибирск;Карта;20270,0;Понедельник
ORD000920;CUST0058;2024-09-09;Книги;Алгоритмы;774;1;10;Санкт-Петербург;Карта;696,6;Понедельник
ORD000579;CUST0315;2024-09-09;Электроника;Samsung Galaxy;35694;2;0;Новосибирск;Наличные;71388,0;Понедельник
ORD000363;CUST0198;2024-09-10;Электроника;MacBook Air;24994;1;0;Москва;Наличные;24994,0;Вторник
ORD000337;CUST0210;2024-09-10;Книги;Война и мир;475;3;0;Москва;Электронный кошелек;1425,0;Вторник
ORD000339;CUST0282;2024-09-10;Дом и сад;Микроволновка;5218;1;0;Новосибирск;Электронный кошелек;5218,0;Вторник
ORD000350;CUST0138;2024-09-10;Красота;Помада;1083;2;0;Екатеринбург;Наличные;2166,0;Вторник
ORD000908;CUST0196;2024-09-10;Одежда;Свитер;3399;2;20;Новосибирск;Электронный кошелек;5438,400000000001;Вторник
ORD000060;CUST0205;2024-09-10;Одежда;Рубашка;2734;1;5;Москва;Наличные;2597,2999999999997;Вторник
ORD000471;CUST0467;2024-09-11;Одежда;Кроссовки;5039;1;0;Казань;Карта;5039,0;Среда
ORD000127;CUST0427;2024-09-11;Красота;Шампунь;851;1;5;Нижний Новгород;Наличные;808,4499999999999;Среда
ORD000864;CUST0252;2024-09-11;Дом и сад;Пылесос;4102;3;0;Москва;Карта;12306,0;Среда
ORD000627;CUST0393;2024-09-11;Дом и сад;Чайник;3203;1;5;Москва;Карта;3042,85;Среда
ORD000696;CUST0253;2024-09-11;Одежда;Платье;2687;1;0;Москва;Карта;2687,0;Среда
ORD000978;CUST0326;2024-09-12;Спорт;Гантели;4454;4;5;Екатеринбург;Карта;16925,2;Четверг
ORD000318;CUST0072;2024-09-12;Книги;Гарри Поттер;507;2;5;Екатеринбург;Карта;963,3;Четверг
ORD000612;CUST0191;2024-09-12;Спорт;Беговые кроссовки;3144;3;15;Москва;Наличные;8017,2;Четверг
ORD000859;CUST0143;2024-09-12;Книги;Анна Каренина;475;3;10;Екатеринбург;Наличные;1282,5;Четверг
ORD000298;CUST0433;2024-09-12;Спорт;Йога-мат;2079;3;0;Нижний Новгород;Карта;6237,0;Четверг
ORD000017;CUST0391;2024-09-13;Одежда;Платье;3992;3;0;Казань;Электронный кошелек;11976,0;Пятница
ORD000538;CUST0262;2024-09-13;Электроника;AirPods;22958;1;0;Нижний Новгород;Электронный кошелек;22958,0;Пятница
ORD000875;CUST0416;2024-09-14;Книги;Гарри Поттер;480;1;15;Санкт-Петербург;Наличные;408,0;Суббота
ORD000990;CUST0460;2024-09-14;Электроника;iPhone 15;38323;1;15;Новосибирск;Карта;32574,55;Суббота
ORD000672;CUST0434;2024-09-14;Дом и сад;Утюг;2818;1;10;Екатеринбург;Наличные;2536,2000000000003;Суббота
ORD000145;CUST0114;2024-09-14;Дом и сад;Микроволновка;5682;4;5;Новосибирск;Наличные;21591,6;Суббота
ORD000275;CUST0149;2024-09-14;Одежда;Кроссовки;4183;2;5;Новосибирск;Карта;7947,7;Суббота
ORD000465;CUST0087;2024-09-15;Электроника;iPad;33800;2;0;Казань;Наличные;67600,0;Воскресенье
ORD000264;CUST0104;2024-09-15;Дом и сад;Кофеварка;4739;1;0;Москва;Электронный кошелек;4739,0;Воскресенье
ORD000648;CUST0047;2024-09-15;Одежда;Свитер;2447;1;0;Москва;Наличные;2447,0;Воскресенье
ORD000063;CUST0219;2024-09-15;Дом и сад;Утюг;3096;2;0;Новосибирск;Карта;6192,0;Воскресенье
ORD000899;CUST0034;2024-09-16;Красота;Духи;2123;3;5;Екатеринбург;Электронный кошелек;6050,549999999999;Понедельник
ORD000958;CUST0054;2024-09-16;Одежда;Кроссовки;3083;1;0;Казань;Наличные;3083,0;Понедельник
ORD000195;CUST0403;2024-09-16;Дом и сад;Кофеварка;4273;3;0;Екатеринбург;Наличные;12819,0;Понедельник
ORD000572;CUST0055;2024-09-16;Дом и сад;Микроволновка;5010;1;0;Нижний Новгород;Наличные;5010,0;Понедельник
ORD000707;CUST0013;2024-09-16;Спорт;Велосипед;2774;1;0;Нижний Новгород;Наличные;2774,0;Понедельник
ORD000921;CUST0422;2024-09-17;Красота;Маска для волос;2222;2;0;Москва;Электронный кошелек;4444,0;Вторник
ORD000684;CUST0314;2024-09-18;Одежда;Свитер;2885;1;0;Новосибирск;Электронный кошелек;2885,0;Среда
ORD000057;CUST0243;2024-09-18;Книги;Алгоритмы;1095;1;5;Нижний Новгород;Наличные;1040,25;Среда
ORD000930;CUST0103;2024-09-19;Спорт;Гантели;4925;1;0;Екатеринбург;Карта;4925,0;Четверг
ORD000266;CUST0213;2024-09-19;Спорт;Велосипед;2571;1;10;Казань;Карта;2313,9;Четверг
ORD000873;CUST0462;2024-09-20;Спорт;Йога-мат;1424;1;0;Новосибирск;Наличные;1424,0;Пятница
ORD000228;CUST0240;2024-09-20;Спорт;Йога-мат;1997;1;0;Екатеринбург;Карта;1997,0;Пятница
ORD000348;CUST0384;2024-09-20;Красота;Помада;1167;1;0;Казань;Карта;1167,0;Пятница
ORD000740;CUST0041;2024-09-21;Дом и сад;Кофеварка;4518;1;5;Казань;Карта;4292,099999999999;Суббота
ORD000963;CUST0407;2024-09-21;Книги;Гарри Поттер;760;1;5;Казань;Электронный кошелек;722,0;Суббота
ORD000371;CUST0401;2024-09-21;Книги;Гарри Поттер;480;1;5;Новосибирск;Электронный кошелек;456,0;Суббота
ORD000680;CUST0463;2024-09-21;Одежда;Свитер;3354;1;5;Москва;Карта;3186,2999999999997;Суббота
ORD000633;CUST0050;2024-09-22;Электроника;Смарт-часы;20965;1;0;Казань;Карта;20965,0;Воскресенье
ORD000511;CUST0035;2024-09-23;Дом и сад;Чайник;2849;2;0;Санкт-Петербург;Карта;5698,0;Понедельник
ORD000463;CUST0306;2024-09-23;Дом и сад;Пылесос;3841;2;0;Екатеринбург;Наличные;7682,0;Понедельник
ORD000566;CUST0147;2024-09-23;Книги;Анна Каренина;331;3;0;Екатеринбург;Наличные;993,0;Понедельник
ORD000490;CUST0192;2024-09-24;Книги;Python для начинающих;582;1;0;Казань;Электронный кошелек;582,0;Вторник
ORD000709;CUST0060;2024-09-24;Электроника;iPad;37782;1;0;Москва;Наличные;37782,0;Вторник
ORD000093;CUST0195;2024-09-24;Спорт;Гантели;3514;2;0;Нижний Новгород;Электронный кошелек;7028,0;Вторник
ORD000772;CUST0235;2024-09-24;Книги;Анна Каренина;355;2;15;Москва;Электронный кошелек;603,5;Вторник
ORD000628;CUST0338;2024-09-24;Электроника;iPhone 15;42039;1;10;Санкт-Петербург;Карта;37835,1;Вторник
ORD000844;CUST0391;2024-09-24;Красота;Шампунь;901;1;10;Санкт-Петербург;Карта;810,9;Вторник
ORD000598;CUST0392;2024-09-25;Электроника;iPhone 15;30011;1;5;Екатеринбург;Наличные;28510,449999999997;Среда
ORD000175;CUST0268;2024-09-25;Дом и сад;Чайник;2755;4;0;Новосибирск;Электронный кошелек;11020,0;Среда
ORD000667;CUST0466;2024-09-25;Одежда;Свитер;3633;5;0;Нижний Новгород;Карта;18165,0;Среда
ORD000166;CUST0041;2024-09-25;Спорт;Йога-мат;2295;1;5;Москва;Электронный кошелек;2180,25;Среда
ORD000889;CUST0129;2024-09-25;Спорт;Беговые кроссовки;2950;1;10;Новосибирск;Электронный кошелек;2655,0;Среда
ORD000255;CUST0253;2024-09-25;Одежда;Платье;3139;1;0;Санкт-Петербург;Электронный кошелек;3139,0;Среда
ORD000933;CUST0043;2024-09-25;Красота;Духи;1925;4;0;Санкт-Петербург;Карта;7700,0;Среда
ORD000116;CUST0467;2024-09-26;Спорт;Беговые кроссовки;3967;1;5;Санкт-Петербург;Карта;3768,6499999999996;Четверг
ORD000907;CUST0223;2024-09-26;Спорт;Гантели;3084;2;0;Новосибирск;Наличные;6168,0;Четверг
ORD000842;CUST0434;2024-09-26;Дом и сад;Кофеварка;6728;3;0;Москва;Карта;20184,0;Четверг
ORD000144;CUST0059;2024-09-26;Книги;Python для начинающих;789;3;0;Москва;Наличные;2367,0;Четверг
ORD000179;CUST0048;2024-09-26;Книги;Война и мир;503;1;0;Санкт-Петербург;Наличные;503,0;Четверг
ORD000181;CUST0020;2024-09-26;Книги;Гарри Поттер;736;2;0;Санкт-Петербург;Карта;1472,0;Четверг
ORD000331;CUST0495;2024-09-27;Книги;Гарри Поттер;635;2;0;Новосибирск;Наличные;1270,0;Пятница
ORD000694;CUST0045;2024-09-27;Спорт;Велосипед;4411;5;0;Нижний Новгород;Наличные;22055,0;Пятница
ORD000130;CUST0257;2024-09-28;Красота;Шампунь;683;3;0;Новосибирск;Электронный кошелек;2049,0;Суббота
ORD000494;CUST0377;2024-09-28;Электроника;Samsung Galaxy;35313;2;0;Нижний Новгород;Карта;70626,0;Суббота
ORD000157;CUST0111;2024-09-28;Спорт;Гантели;3889;1;0;Новосибирск;Электронный кошелек;3889,0;Суббота
ORD000814;CUST0432;2024-09-28;Дом и сад;Утюг;2437;2;10;Новосибирск;Карта;4386,6;Суббота
ORD000078;CUST0220;2024-09-29;Книги;Гарри Поттер;445;2;0;Екатеринбург;Наличные;890,0;Воскресенье
ORD000808;CUST0348;2024-09-29;Дом и сад;Пылесос;3885;1;5;Казань;Карта;3690,75;Воскресенье
ORD000767;CUST0437;2024-09-30;Красота;Крем для лица;1807;3;0;Санкт-Петербург;Карта;5421,0;Понедельник
ORD000588;CUST0369;2024-09-30;Красота;Духи;1760;2;0;Екатеринбург;Карта;3520,0;Понедельник
ORD000118;CUST0195;2024-09-30;Красота;Духи;2447;1;0;Казань;Электронный кошелек;2447,0;Понедельник
ORD000466;CUST0320;2024-09-30;Электроника;Samsung Galaxy;36311;1;5;Москва;Карта;34495,45;Понедельник
ORD000704;CUST0432;2024-09-30;Одежда;Платье;3403;1;0;Новосибирск;Электронный кошелек;3403,0;Понедельник
